1,价,不错,整体,正面
1,_,是正品,真伪,正面
2,颜色,喜欢,整体,正面
2,_,喜欢的,气味,正面
3,_,细腻,使用体验,正面
3,_,挺细腻的,使用体验,正面
4,_,还行,整体,正面
4,_,还行吧,整体,正面
5,效果,不错,整体,正面
5,隔离,没,价格,负面
6,提亮,很好,整体,正面
6,肤色,好,整体,正面
7,_,好用,整体,正面
7,_,很喜欢,整体,正面
8,好评,好评,整体,正面
8,_,好,整体,正面
9,护肤,还可以,整体,正面
9,_,快,物流,正面
10,到货,不错,整体,正面
11,水,不错,整体,正面
11,_,很清爽,使用体验,正面
12,包装,还行,整体,正面
12,_,一般,整体,中性
13,质量,一般,整体,中性
13,量,一般般,整体,中性
14,_,不错,整体,正面
14,_,感觉不错,整体,正面
15,物流,快,物流,正面
15,包装,速度快,物流,正面
16,_,好用,整体,正面
16,_,好,整体,正面
17,速度,快,物流,正面
17,发货,好,整体,正面
18,_,很好,整体,正面
18,_,很好用,整体,正面
19,_,不错,整体,正面
19,_,很好,整体,正面
20,_,不油腻,使用体验,正面
20,_,自然,功效,正面
21,好评,好用,整体,正面
21,_,好评,整体,正面
22,_,干净,功效,正面
22,_,很适合,整体,正面
23,_,不错,整体,正面
23,_,很不错,整体,正面
24,_,不错,整体,正面
24,_,好,整体,正面
25,质量,优惠,价格,正面
25,量,_,其他,正面
26,_,很好,整体,正面
26,_,很好用,整体,正面
27,_,不错,整体,正面
27,_,真心不错,整体,正面
28,效果,一般,整体,中性
28,成膜,油,使用体验,负面
29,_,很好,整体,正面
29,_,很好用,整体,正面
30,_,还可以,整体,正面
30,_,可以,整体,正面
31,效果,不错,整体,正面
31,产品,好,整体,正面
32,卸妆,好评,整体,正面
32,好评,好,整体,正面
33,_,好用,整体,正面
33,_,好,整体,正面
34,_,不错,整体,正面
34,_,很好,整体,正面
35,_,很多,成分,正面
35,_,多,成分,正面
36,快递,很快,物流,正面
36,_,快,物流,正面
37,速度,很快,物流,正面
37,效果,快,物流,正面
38,包装,不错,整体,正面
38,水,很水润,使用体验,正面
39,物流,很好,整体,正面
39,快递,很快,物流,正面
40,活动,多,成分,正面
41,水,很好,整体,正面
41,_,很好用,整体,正面
42,质量,一般,整体,中性
42,量,_,其他,正面
43,酒精味,好用,整体,正面
43,味,好,整体,正面
44,到货,很喜欢,整体,正面
44,_,喜欢,整体,正面
45,_,很好,整体,正面
45,_,好,整体,正面
46,_,还可以,整体,正面
46,_,可以,整体,正面
47,味道,不错,整体,正面
47,味,非常不错,整体,正面
48,_,不错,整体,正面
48,_,还行,整体,正面
49,发货,好,整体,正面
49,盒子,没有,包装,负面
50,香味,不错,整体,正面
50,味,还不错,整体,正面
51,_,不错,整体,正面
52,_,好用,整体,正面
52,_,好,整体,正面
53,价格,好用,整体,正面
53,效果,好,整体,正面
54,快递,不错,整体,正面
54,速度,快,物流,正面
55,_,不错,整体,正面
55,_,很不错,整体,正面
56,_,很喜欢,整体,正面
56,_,喜欢,整体,正面
57,_,好用,整体,正面
57,_,好,整体,正面
58,卸妆,满意,整体,正面
58,水,大,价格,正面
59,_,辣眼睛,使用体验,负面
60,_,好,整体,正面
60,_,非常好,整体,正面
61,_,好,整体,正面
61,_,多,成分,正面
62,_,好用,整体,正面
62,_,好,整体,正面
63,活动,好,整体,正面
63,_,合适,价格,正面
64,_,不错,整体,正面
64,_,很适合,整体,正面
65,送货,不错,整体,正面
65,质量,很给力,物流,正面
66,物流,还可以,整体,正面
66,_,很快,物流,正面
67,_,好用,整体,正面
67,_,好,整体,正面
68,物流,不错,整体,正面
68,包装,好用,整体,正面
69,快递,快,物流,正面
69,_,给力,物流,正面
70,_,还可以,整体,正面
70,_,可以,整体,正面
71,保湿,挺好的,整体,正面
71,_,好,整体,正面
72,包装,一般,整体,中性
72,_,很一般,功效,中性
73,_,过敏,使用体验,负面
74,_,_,_,_
75,活动,不错,整体,正面
75,_,好,整体,正面
76,_,很好,整体,正面
76,_,很好用,整体,正面
77,好评,好用,整体,正面
77,_,好评,整体,正面
78,价格,不错,整体,正面
78,包装,还可以,整体,正面
79,包装,很好,整体,正面
79,快递,快,物流,正面
80,补水效果,不错,整体,正面
80,补水,还不错,整体,正面
81,产品,很好,整体,正面
81,_,很好用,整体,正面
82,物流,不错,整体,正面
82,_,很快,物流,正面
83,护肤,还行,整体,正面
84,_,不错,整体,正面
84,_,还不错,整体,正面
85,设计,好用,整体,正面
85,_,很喜欢,整体,正面
86,护肤,很好,整体,正面
86,_,很好用,整体,正面
87,速度,很快,物流,正面
87,水,快,物流,正面
88,_,很划算,价格,正面
88,_,不紧绷,使用体验,正面
89,_,好用,整体,正面
89,_,好,整体,正面
90,_,不错,整体,正面
91,_,不错,整体,正面
91,_,挺好的,整体,正面
92,味道,很喜欢,整体,正面
92,味,喜欢,整体,正面
93,味道,很好,整体,正面
93,味,很好用,整体,正面
94,价格,满意,整体,正面
94,价,优惠,价格,正面
95,_,挺好的,整体,正面
95,_,好,整体,正面
96,精华,好评,整体,正面
96,精华液,好,整体,正面
97,价格,实惠,价格,正面
97,包装,精美,包装,正面
98,快递,不错,整体,正面
98,赠品,快,物流,正面
99,补水效果,好,整体,正面
99,补水,补水,功效,正面
100,补水效果,好,整体,正面
100,补水,特别好,功效,正面
101,性价比,还可以,整体,正面
101,卸妆,可以,整体,正面
102,包装,不油腻,使用体验,正面
102,味道,淡淡的,气味,正面
103,水,很喜欢,整体,正面
103,_,喜欢,整体,正面
104,质量,实惠,价格,正面
104,量,便宜,价格,正面
105,_,还可以,整体,正面
105,_,可以,整体,正面
106,活动,好用,整体,正面
106,_,好,整体,正面
107,隔离,不错,整体,正面
107,_,很不错,整体,正面
108,_,不错,整体,正面
109,送货,很好,整体,正面
109,_,很好用,整体,正面
110,味道,还行,整体,正面
110,味,还行吧,整体,正面
111,补水,不错,整体,正面
111,性价比,还不错,整体,正面
112,香味,好,整体,正面
112,效果,是正品,真伪,正面
113,保湿效果,不错,整体,正面
113,效果,好用,整体,正面
114,隔离,好用,整体,正面
114,_,好,整体,正面
115,_,很好,整体,正面
115,_,很好用,整体,正面
116,产品,值得信赖,其他,正面
116,_,一直用,整体,正面
117,_,挺好的,整体,正面
117,_,很快,物流,正面
118,价格,好用,整体,正面
118,价,好,整体,正面
119,物流,很好,整体,正面
119,性价比,很好用,整体,正面
120,效果,不错,整体,正面
120,_,挺好的,整体,正面
121,_,挺好的,整体,正面
121,_,好,整体,正面
122,味道,好,整体,正面
122,赠品,不好,整体,负面
123,_,可以,整体,正面
124,_,很好,整体,正面
124,_,很好用,整体,正面
125,_,好用,整体,正面
125,_,好,整体,正面
126,质量,不错,整体,正面
126,量,好用,整体,正面
127,速度,好用,整体,正面
127,送货,很快,物流,正面
128,_,还可以,整体,正面
128,_,可以,整体,正面
129,吸收,好,整体,正面
129,时间,不怎么样,整体,负面
130,发货,快,物流,正面
130,盒子,物美价廉,价格,正面
131,活动,没,价格,负面
131,_,没用,整体,负面
132,_,好,整体,正面
132,_,不好,整体,负面
133,快递,快,物流,正面
133,_,一般,整体,中性
134,物流,快,物流,正面
134,_,一样,气味,正面
135,价格,多,成分,正面
135,赠品,没有,包装,负面
136,_,好用,整体,正面
136,_,好,整体,正面
137,价格,便宜,价格,正面
137,水份,多,成分,正面
138,补水,好评,整体,正面
138,水,好,整体,正面
139,_,一直用,整体,正面
140,送货,快,物流,正面
140,效果,_,功效,正面
141,补水效果,很好,整体,正面
141,补水,很好用,整体,正面
142,补水,很喜欢,整体,正面
142,水,好,整体,正面
143,_,好用,整体,正面
143,_,好,整体,正面
144,物流,很好,整体,正面
144,赠品,很好用,整体,正面
145,物流,不错,整体,正面
145,包装,杠杠的,整体,正面
146,补水,补水,功效,正面
146,水,轻薄,使用体验,正面
147,_,还可以,整体,正面
147,_,可以,整体,正面
148,补水效果,好,整体,正面
148,补水,特别好,功效,正面
149,效果,还可以,整体,正面
149,吸收,好,整体,正面
150,补水,很好,整体,正面
150,效果,好,整体,正面
151,好评,好评,整体,正面
151,_,好,整体,正面
152,_,喜欢,整体,正面
153,服务,不错,整体,正面
153,配送,好,整体,正面
154,_,油,使用体验,负面
154,_,适合,整体,正面
155,速度,好用,整体,正面
155,送货,快,物流,正面
156,_,很好,整体,正面
156,_,很好用,整体,正面
157,_,_,_,_
158,性价比,喜欢,整体,正面
158,上妆,不油腻,使用体验,正面
159,_,是正品,真伪,正面
159,_,正品,真伪,正面
160,效果,不错,整体,正面
160,_,好,整体,正面
161,_,很好,整体,正面
161,_,很好用,整体,正面
162,物流,很快,物流,正面
162,价格,快,物流,正面
163,卸妆,好用,整体,正面
163,_,好,整体,正面
164,包装,快,物流,正面
164,快递,好,整体,正面
165,物流,不错,整体,正面
165,速度,很喜欢,整体,正面
166,_,好用,整体,正面
166,_,好,整体,正面
167,_,不错,整体,正面
167,_,实惠,价格,正面
168,_,好用,整体,正面
168,_,好,整体,正面
169,好评,好用,整体,正面
169,_,好评,整体,正面
170,_,适合,整体,正面
171,_,好用,整体,正面
171,_,好,整体,正面
172,活动,快,物流,正面
172,吸收,给力,物流,正面
173,包装,_,包装,正面
173,盒子,_,包装,正面
174,质量,不错,整体,正面
174,量,很好,整体,正面
175,_,很好,整体,正面
175,_,很好用,整体,正面
176,遮瑕,卡粉,使用体验,负面
176,卡粉,遮瑕,功效,正面
177,_,好,整体,正面
177,_,一如既往的好,整体,正面
178,补水效果,不错,整体,正面
178,补水,还不错,整体,正面
179,_,快,物流,正面
179,_,超快,物流,正面
180,效果,不错,整体,正面
180,防晒效果,快,物流,正面
181,保湿,很好,整体,正面
181,_,好,整体,正面
182,_,不错,整体,正面
182,_,还不错,整体,正面
183,_,很好,整体,正面
183,_,很好用,整体,正面
184,隔离,不错,整体,正面
184,_,优惠,价格,正面
185,_,不错,整体,正面
185,_,可以,整体,正面
186,物流,不错,整体,正面
186,速度,快,物流,正面
187,保湿效果,很好,整体,正面
187,效果,好,整体,正面
188,_,好用,整体,正面
188,_,好,整体,正面
189,_,好用,整体,正面
189,_,好,整体,正面
190,价格,不错,整体,正面
190,价,合适,价格,正面
191,_,不错,整体,正面
191,_,很不错,整体,正面
192,_,很好,整体,正面
192,_,很好用,整体,正面
193,_,不错,整体,正面
194,气味,很好,整体,正面
194,味,好,整体,正面
195,效果,可以,整体,正面
195,_,一般,整体,中性
196,包装,没有,包装,负面
196,包装盒,没,价格,负面
197,产品,还行,整体,正面
198,_,还可以,整体,正面
198,_,可以,整体,正面
199,物流,不错,整体,正面
199,_,还不错,整体,正面
200,补水,可以,整体,正面
200,水,补水,功效,正面
201,速度,不错,整体,正面
201,送货,很喜欢,整体,正面
202,_,很喜欢,整体,正面
202,_,喜欢,整体,正面
203,物流,挺好的,整体,正面
203,好评,快,物流,正面
204,_,还可以,整体,正面
204,_,可以,整体,正面
205,卡粉,很好,整体,正面
205,_,好,整体,正面
206,盒子,很好,整体,正面
206,卖家,很好用,整体,正面
207,香味,很好,整体,正面
207,味,很好用,整体,正面
208,味道,好用,整体,正面
208,味,好评,整体,正面
209,速度,快,物流,正面
209,_,好,整体,正面
210,活动,给力,物流,正面
210,_,贵,价格,负面
211,补水效果,很喜欢,整体,正面
211,补水,好,整体,正面
212,泡沫,没有,包装,负面
212,_,假的,真伪,负面
213,效果,好用,整体,正面
213,_,好,整体,正面
214,效果,不错,整体,正面
214,_,满意,整体,正面
215,_,好用,整体,正面
215,_,好,整体,正面
216,卸妆,很好,整体,正面
216,水,很好用,整体,正面
217,补水,不错,整体,正面
217,保湿,好,整体,正面
218,快递,不错,整体,正面
218,效果,快,物流,正面
219,活动,很好,整体,正面
219,赠品,很好用,整体,正面
220,包装,快,物流,正面
220,快递,好,整体,正面
221,价,不错,整体,正面
221,_,喜欢,整体,正面
222,_,便宜,价格,正面
222,_,很便宜,价格,正面
223,涨价,很好,整体,正面
223,价,很好用,整体,正面
224,_,好用,整体,正面
224,_,好,整体,正面
225,_,_,_,_
226,_,很好,整体,正面
226,_,好,整体,正面
227,品质,好用,整体,正面
227,_,好,整体,正面
228,速度,快,物流,正面
228,_,大爱,整体,正面
229,_,可以,整体,正面
229,_,光滑,使用体验,正面
230,_,很好,整体,正面
230,_,很好用,整体,正面
231,物流,不错,整体,正面
231,_,快,物流,正面
232,物流,很好,整体,正面
232,价格,很快,物流,正面
233,好评,好评,整体,正面
233,_,好,整体,正面
234,_,好,整体,正面
234,_,一样,气味,正面
235,产品,好,整体,正面
235,_,还好,整体,正面
236,保湿,保湿,功效,正面
236,水,轻薄,使用体验,正面
237,_,好,整体,正面
237,_,挺好,整体,正面
238,_,优惠,价格,正面
238,_,贵了,价格,负面
239,吸收,很好,整体,正面
239,_,很喜欢,整体,正面
240,_,不错,整体,正面
241,补水,不错,整体,正面
241,精华,还可以,整体,正面
242,_,便宜,价格,正面
243,效果,很多,成分,正面
243,_,一般,整体,中性
244,_,不错,整体,正面
244,_,好用,整体,正面
245,速度,快,物流,正面
245,送货,_,物流,正面
246,服务,不错,整体,正面
246,性价比,很好,整体,正面
247,效果,不错,整体,正面
247,护肤,还不错,整体,正面
248,味道,很喜欢,整体,正面
248,美白,喜欢,整体,正面
249,_,挺好的,整体,正面
249,_,好,整体,正面
250,质量,不错,整体,正面
250,量,_,其他,正面
251,_,好用,整体,正面
251,_,好,整体,正面
252,_,过敏,使用体验,负面
253,服务,好用,整体,正面
253,客服,好,整体,正面
254,补水,好用,整体,正面
254,水,好,整体,正面
255,精华,好用,整体,正面
255,_,好,整体,正面
256,活动,不错,整体,正面
256,_,快,物流,正面
257,_,好,整体,正面
258,_,好用,整体,正面
258,_,好,整体,正面
259,_,好,整体,正面
259,_,好小,尺寸,负面
260,_,失望,整体,负面
260,_,坏了,包装,负面
261,_,好用,整体,正面
261,_,好,整体,正面
262,好评,好用,整体,正面
262,_,好评,整体,正面
263,盒子,物有所值,整体,正面
264,_,好,整体,正面
264,_,不好,整体,负面
265,_,还可以,整体,正面
265,_,可以,整体,正面
266,效果,还可以,整体,正面
266,提亮肤色,可以,整体,正面
267,_,好用,整体,正面
267,_,好,整体,正面
268,_,不错,整体,正面
269,味道,油,使用体验,负面
269,效果,辣眼睛,使用体验,负面
270,精华,好,整体,正面
270,_,喜欢,整体,正面
271,_,很喜欢,整体,正面
271,_,好,整体,正面
272,物流,很快,物流,正面
272,包装,快,物流,正面
273,价格,不错,整体,正面
273,活动,补水,功效,正面
274,香味,好用,整体,正面
274,味,好,整体,正面
275,产品,很好,整体,正面
275,_,很好用,整体,正面
276,遮瑕,卡粉,使用体验,负面
276,卡粉,差,整体,负面
277,补水效果,很好,整体,正面
277,补水,好,整体,正面
278,效果,一般,整体,中性
278,泡泡,细腻,使用体验,正面
279,快递,很好,整体,正面
279,服务,很快,物流,正面
280,效果,不错,整体,正面
280,到货,是正品,真伪,正面
281,味道,细腻,使用体验,正面
281,泡沫,没有,包装,负面
282,水,正品,真伪,正面
282,_,水润,使用体验,正面
283,包装,好,整体,正面
283,活动,划算,价格,正面
284,质量,没,价格,负面
284,量,长痘,使用体验,负面
285,卡粉,不错,整体,正面
285,_,还不错,整体,正面
286,_,好用,整体,正面
286,_,好,整体,正面
287,_,挺好的,整体,正面
287,_,好,整体,正面
288,物流,很快,物流,正面
288,卸妆,快,物流,正面
289,_,好用,整体,正面
289,_,好,整体,正面
290,_,真品,真伪,正面
291,补水效果,很好,整体,正面
291,补水,好,整体,正面
292,_,很好,整体,正面
292,_,很好用,整体,正面
293,_,不错,整体,正面
293,_,清爽,使用体验,正面
294,水,自然,功效,正面
294,白的,服帖,使用体验,正面
295,_,很多,成分,正面
295,_,多,成分,正面
296,_,很好,整体,正面
296,_,很好用,整体,正面
297,_,还可以,整体,正面
297,_,可以,整体,正面
298,赠品,好,整体,正面
298,_,优惠,价格,正面
299,物流,不错,整体,正面
299,_,很快,物流,正面
300,价格,很棒,整体,正面
300,价,棒,物流,正面
301,_,滑滑的,使用体验,正面
301,_,不干,使用体验,正面
302,包装,好,整体,正面
302,外包装,真好,物流,正面
303,_,不错,整体,正面
303,_,很舒服,使用体验,正面
304,好评,不错,整体,正面
304,_,好评,整体,正面
305,礼品,很喜欢,整体,正面
305,小礼品,喜欢,整体,正面
306,_,实惠,价格,正面
306,_,没,价格,负面
307,_,很好,整体,正面
307,_,很好用,整体,正面
308,_,不错,整体,正面
309,快递,快,物流,正面
309,_,很满意,整体,正面
310,粉底,很少,使用体验,负面
310,_,少,使用体验,负面
311,_,不错,整体,正面
311,_,很好,整体,正面
312,_,还可以,整体,正面
312,_,可以,整体,正面
313,效果,不错,整体,正面
313,遮瑕效果,可以,整体,正面
314,_,有点小,尺寸,负面
315,_,好,整体,正面
315,_,实惠,价格,正面
316,_,很好,整体,正面
316,_,好,整体,正面
317,精华,差评,整体,负面
317,_,太小,尺寸,负面
318,效果,还可以,整体,正面
318,上妆效果,可以,整体,正面
319,价格,是正品,真伪,正面
319,赠品,正品,真伪,正面
320,价格,不错,整体,正面
320,保湿,很好,整体,正面
321,速度,快,物流,正面
321,_,超快,物流,正面
322,价,物美价廉,价格,正面
322,_,贵,价格,负面
323,包装,很好,整体,正面
323,效果,好,整体,正面
324,补水效果,很好,整体,正面
324,补水,好,整体,正面
325,价格,高,价格,正面
325,价,强,功效,正面
326,保湿效果,很好,整体,正面
326,效果,好,整体,正面
327,质量,很喜欢,整体,正面
327,量,好,整体,正面
328,_,不错,整体,正面
328,_,好用,整体,正面
329,_,不错,整体,正面
329,_,好,整体,正面
330,隔离,不错,整体,正面
330,_,好,整体,正面
331,效果,很服帖,使用体验,正面
331,_,服帖,使用体验,正面
332,_,不错,整体,正面
332,_,很不错,整体,正面
333,提亮肤色,不油腻,使用体验,正面
333,提亮,提亮肤色,功效,正面
334,味道,好,整体,正面
334,保湿效果,保湿,功效,正面
335,速度,不错,整体,正面
335,_,很快,物流,正面
336,保湿,保湿,功效,正面
336,提亮肤色,提亮肤色,功效,正面
337,物流,不错,整体,正面
337,_,很好,整体,正面
338,速度,快,物流,正面
338,价钱,给力,物流,正面
339,_,有点干,使用体验,负面
340,送货,不错,整体,正面
340,隔离,很快,物流,正面
341,_,很好,整体,正面
341,_,很喜欢,整体,正面
342,_,不油腻,使用体验,正面
342,_,很自然,功效,正面
343,泡沫,很多,成分,正面
343,_,划算,价格,正面
344,速度,快,物流,正面
344,发货,实惠,价格,正面
345,_,好,整体,正面
345,_,不紧绷,使用体验,正面
346,物流,快,物流,正面
346,包装,满意,整体,正面
347,补水,不错,整体,正面
347,水,补水,功效,正面
348,酒精味,_,气味,负面
348,味,_,气味,正面
349,_,不错,整体,正面
349,_,还不错,整体,正面
350,效果,好,整体,正面
350,白的,没,价格,负面
351,效果,不错,整体,正面
351,_,还不错,整体,正面
352,_,没,价格,负面
352,_,没什么,使用体验,负面
353,_,不错,整体,正面
353,_,很不错,整体,正面
354,_,可以,整体,正面
354,_,还算可以,功效,正面
355,持久情况,可以,整体,正面
355,持久,油,使用体验,负面
356,味道,很好,整体,正面
356,味,好,整体,正面
357,价格,不错,整体,正面
357,乳液,还不错,整体,正面
358,保湿效果,好,整体,正面
358,效果,非常好,整体,正面
359,_,不错,整体,正面
359,_,看起来不错,整体,正面
360,水,快,物流,正面
360,_,很水润,使用体验,正面
361,_,不错,整体,正面
361,_,不油腻,使用体验,正面
362,味道,好用,整体,正面
362,味,好,整体,正面
363,_,好用,整体,正面
363,_,好,整体,正面
364,隔离,不错,整体,正面
364,_,好,整体,正面
365,补水效果,好,整体,正面
365,补水,非常好,整体,正面
366,快递,快,物流,正面
366,_,很给力,物流,正面
367,_,还可以,整体,正面
367,_,可以,整体,正面
368,效果,挺好的,整体,正面
368,_,好,整体,正面
369,_,好用,整体,正面
369,_,好,整体,正面
370,价,不错,整体,正面
370,_,货真价实,整体,正面
371,_,好用,整体,正面
371,_,好,整体,正面
372,物流,快,物流,正面
372,赠品,好,整体,正面
373,物流,不错,整体,正面
373,包装,很好,整体,正面
374,快递,快,物流,正面
374,到货,好,整体,正面
375,_,好,整体,正面
375,_,喜欢,整体,正面
376,速度,快,物流,正面
376,质量,就是快,物流,正面
377,精华,很好,整体,正面
377,_,好,整体,正面
378,价格,实惠,价格,正面
378,卸妆,可以,整体,正面
379,保湿,保湿,功效,正面
379,_,很棒,整体,正面
380,效果,不错,整体,正面
380,卸妆,还不错,整体,正面
381,日期,好,整体,正面
381,_,还好,整体,正面
382,_,不错,整体,正面
382,_,支持,整体,正面
383,_,很好,整体,正面
383,_,很好用,整体,正面
384,隔离,还行,整体,正面
384,_,自然,功效,正面
385,味道,快,物流,正面
385,快递,喜欢,整体,正面
386,_,很服帖,使用体验,正面
386,_,很滋润,使用体验,正面
387,_,很好,整体,正面
387,_,很好用,整体,正面
388,效果,好用,整体,正面
388,控油效果,好,整体,正面
389,质量,很喜欢,整体,正面
389,量,好,整体,正面
390,_,不错,整体,正面
390,_,喜欢,整体,正面
391,_,好用,整体,正面
391,_,好,整体,正面
392,隔离,好,整体,正面
392,_,还好,整体,正面
393,价格,好用,整体,正面
393,上妆,好,整体,正面
394,香味,很自然,功效,正面
394,保湿,自然,功效,正面
395,_,很好,整体,正面
395,_,很好用,整体,正面
396,_,好,整体,正面
396,_,不紧绷,使用体验,正面
397,补水,补水,功效,正面
397,水,强,功效,正面
398,保湿效果,不错,整体,正面
398,效果,保湿,功效,正面
399,物流,快,物流,正面
399,快递,喜欢,整体,正面
400,包装,很好,整体,正面
400,快递,还可以,整体,正面
401,_,很好,整体,正面
401,_,很好用,整体,正面
402,_,好用,整体,正面
402,_,挺好的,整体,正面
403,_,非常舒服,使用体验,正面
403,_,舒服,使用体验,正面
404,效果,很好,整体,正面
404,_,好,整体,正面
405,活动,好用,整体,正面
405,_,好,整体,正面
406,盖子,差,整体,负面
407,好评,好评,整体,正面
407,_,好,整体,正面
408,补水效果,不错,整体,正面
408,补水,喜欢,整体,正面
409,_,不错,整体,正面
409,_,应该不错,整体,正面
410,产品,物美价廉,价格,正面
410,价,可以,整体,正面
411,_,不错,整体,正面
411,_,不油腻,使用体验,正面
412,物流,不错,整体,正面
412,活动,很快,物流,正面
413,价格,还可以,整体,正面
413,活动,实惠,价格,正面
414,_,很划算,价格,正面
414,_,划算,价格,正面
415,_,喜欢,整体,正面
415,_,正品,真伪,正面
416,_,好用,整体,正面
416,_,好,整体,正面
417,价格,好用,整体,正面
417,价,挺好的,整体,正面
418,_,不错,整体,正面
418,_,很不错,整体,正面
419,_,不错,整体,正面
419,_,很不错,整体,正面
420,价,很小,尺寸,负面
420,_,没,价格,负面
421,补水效果,很好,整体,正面
421,补水,很喜欢,整体,正面
422,活动,不错,整体,正面
422,_,非常不错,整体,正面
423,肤色,没有,包装,负面
423,_,没,价格,负面
424,精华,好,整体,正面
424,_,多,成分,正面
425,味道,不错,整体,正面
425,效果,好,整体,正面
426,物流,不错,整体,正面
426,速度,很喜欢,整体,正面
427,水,实惠,价格,正面
427,价,便宜,价格,正面
428,酒精味,_,气味,负面
428,味,_,气味,正面
429,快递,不错,整体,正面
429,服务,快,物流,正面
430,护肤,好评,整体,正面
430,好评,好,整体,正面
431,物流,快,物流,正面
431,_,不油腻,使用体验,正面
432,_,不错,整体,正面
432,_,挺不错的,整体,正面
433,物流,不错,整体,正面
433,_,快,物流,正面
434,_,不错,整体,正面
434,_,还不错,整体,正面
435,_,很好,整体,正面
435,_,很好用,整体,正面
436,_,很好,整体,正面
436,_,很好用,整体,正面
437,_,不错,整体,正面
437,_,挺不错的,整体,正面
438,价,不错,整体,正面
438,_,好用,整体,正面
439,好评,好评,整体,正面
439,_,好,整体,正面
440,_,很好,整体,正面
440,_,很喜欢,整体,正面
441,精华,还可以,整体,正面
441,价位,可以,整体,正面
442,_,很好,整体,正面
442,_,很好用,整体,正面
443,_,很好,整体,正面
443,_,很好用,整体,正面
444,_,划算,价格,正面
444,_,赞,整体,正面
445,味道,好用,整体,正面
445,味,好,整体,正面
446,_,很喜欢,整体,正面
446,_,好,整体,正面
447,精华,好用,整体,正面
447,_,好,整体,正面
448,物流,挺好的,整体,正面
448,_,很快,物流,正面
449,_,还可以,整体,正面
449,_,挺好的,整体,正面
450,好评,好评,整体,正面
450,_,好,整体,正面
451,补水,还可以,整体,正面
451,水,可以,整体,正面
452,_,不错,整体,正面
452,_,很好,整体,正面
453,效果,没有,包装,负面
453,保质期,没,价格,负面
454,物流,很快,物流,正面
454,_,快,物流,正面
455,_,大,价格,正面
455,_,支持,整体,正面
456,速度,很好,整体,正面
456,质量,快,物流,正面
457,快递,不错,整体,正面
457,速度,很快,物流,正面
458,效果,好,整体,正面
458,隔离效果,不刺激,使用体验,正面
459,物流,挺好的,整体,正面
459,_,快,物流,正面
460,赠品,好用,整体,正面
460,_,好,整体,正面
461,效果,不错,整体,正面
461,_,很好,整体,正面
462,_,很喜欢,整体,正面
462,_,喜欢,整体,正面
463,_,不错,整体,正面
463,_,感觉不错,整体,正面
464,_,正品,真伪,正面
464,_,像正品,真伪,正面
465,配送,快,物流,正面
465,到货,蛮快的,物流,正面
466,_,快,物流,正面
466,_,多,成分,正面
467,香味,不错,整体,正面
467,服务,还不错,整体,正面
468,_,好用,整体,正面
468,_,很喜欢,整体,正面
469,保湿,很喜欢,整体,正面
469,_,喜欢,整体,正面
470,_,好用,整体,正面
470,_,好,整体,正面
471,快递,快,物流,正面
471,_,杠杠滴,功效,正面
472,_,好用,整体,正面
472,_,好,整体,正面
473,_,刺痛,使用体验,负面
473,_,不推荐,整体,负面
474,_,不错,整体,正面
474,_,还不错,整体,正面
475,补水,不错,整体,正面
475,水,还不错,整体,正面
476,效果,很划算,价格,正面
476,卸妆,划算,价格,正面
477,_,油,使用体验,负面
478,快递,快,物流,正面
478,快递小哥,好评,整体,正面
479,赠品,没,价格,负面
479,价,没用,整体,负面
480,香味,很舒服,使用体验,正面
480,吸收,润润的,使用体验,正面
481,速度,不错,整体,正面
481,_,很快,物流,正面
482,效果,差,整体,负面
482,上妆效果,_,功效,正面
483,物流,快,物流,正面
483,发货,好,整体,正面
484,价,不错,整体,正面
484,_,真心不错,整体,正面
485,吸收,好用,整体,正面
485,_,快,物流,正面
486,_,好,整体,正面
486,_,不好,整体,负面
487,_,好,整体,正面
487,_,挺好,整体,正面
488,服务,很好,整体,正面
488,服务态度,好,整体,正面
489,活动,很好,整体,正面
489,_,很好用,整体,正面
490,_,不错,整体,正面
490,_,超值,价格,正面
491,_,好,整体,正面
491,_,喜欢,整体,正面
492,包装,_,包装,正面
493,包装,不错,整体,正面
493,香味,很好,整体,正面
494,_,便宜,价格,正面
495,_,好,整体,正面
495,_,还好,整体,正面
496,_,还行,整体,正面
497,_,很好,整体,正面
497,_,很好用,整体,正面
498,_,很好,整体,正面
498,_,很好用,整体,正面
499,产品,不错,整体,正面
499,_,还不错,整体,正面
500,_,很好,整体,正面
500,_,好,整体,正面
501,酒精味,舒服,使用体验,正面
501,味,黏黏的,使用体验,负面
502,活动,好,整体,正面
502,_,一直用,整体,正面
503,_,好用,整体,正面
503,_,好,整体,正面
504,量,不错,整体,正面
504,_,很好,整体,正面
505,_,不错,整体,正面
505,_,还不错,整体,正面
506,礼品,不错,整体,正面
506,_,确实不错,整体,正面
507,_,很好,整体,正面
507,_,很好用,整体,正面
508,保湿效果,不错,整体,正面
508,效果,很好,整体,正面
509,_,是正品,真伪,正面
509,_,便宜,价格,正面
510,_,不错,整体,正面
510,_,喜欢,整体,正面
511,_,不错,整体,正面
511,_,很大,价格,正面
512,价格,不错,整体,正面
512,质量,还不错,整体,正面
513,_,好用,整体,正面
513,_,好,整体,正面
514,_,很好,整体,正面
514,_,很好用,整体,正面
515,物流,很好,整体,正面
515,包装,很好用,整体,正面
516,物流,快,物流,正面
516,包装,好,整体,正面
517,_,好用,整体,正面
517,_,好,整体,正面
518,_,挺好的,整体,正面
518,_,好,整体,正面
519,_,满意,整体,正面
519,_,棒,物流,正面
520,包装,不错,整体,正面
520,_,还不错,整体,正面
521,吸收,很多,成分,正面
521,水,多,成分,正面
522,味道,很好,整体,正面
522,泡沫,好,整体,正面
523,水,假的,真伪,负面
524,味,_,气味,正面
524,塑料味,_,气味,负面
525,_,很好,整体,正面
525,_,好,整体,正面
526,_,很喜欢,整体,正面
526,_,喜欢,整体,正面
527,_,好,整体,正面
527,_,可以,整体,正面
528,_,没有,包装,负面
528,_,没,价格,负面
529,味道,很好,整体,正面
529,效果,好,整体,正面
530,_,很好,整体,正面
530,_,好用,整体,正面
531,_,不错,整体,正面
531,_,很自然,功效,正面
532,效果,不错,整体,正面
532,价位,高,价格,正面
533,价格,不错,整体,正面
533,性价比,还不错,整体,正面
534,_,挺好的,整体,正面
534,_,好,整体,正面
535,好评,好评,整体,正面
535,_,好,整体,正面
536,降价,垃圾,整体,负面
536,价,降价,价格,负面
537,味道,还行,整体,正面
537,味,可以,整体,正面
538,物流,快,物流,正面
538,性价比,非常快,物流,正面
539,遮暇,不错,整体,正面
539,_,一般,整体,中性
540,效果,滑滑的,使用体验,正面
540,_,温和,使用体验,正面
541,收货,不错,整体,正面
541,_,挺好的,整体,正面
542,补水,快,物流,正面
542,保湿,不油腻,使用体验,正面
543,降价,快,物流,正面
543,价,降价,价格,负面
544,补水,不错,整体,正面
544,水,好用,整体,正面
545,包装,简陋,包装,负面
545,_,没,价格,负面
546,补水效果,不错,整体,正面
546,补水,补水,功效,正面
547,_,是正品,真伪,正面
547,_,实惠,价格,正面
548,_,实惠,价格,正面
548,_,很满意,整体,正面
549,物流,没,价格,负面
549,效果,没用,整体,负面
550,物流,很满意,整体,正面
550,产品,满意,整体,正面
551,香味,好,整体,正面
551,清洁能力,不好,整体,负面
552,产品,优惠,价格,正面
552,价,廉,价格,正面
553,味道,很讨厌,整体,负面
553,味,_,气味,正面
554,卡粉,很好,整体,正面
554,价,很好用,整体,正面
555,_,不错,整体,正面
555,_,还不错,整体,正面
556,包装,挺好的,整体,正面
556,态度,好,整体,正面
557,快递,很好,整体,正面
557,盒子,很快,物流,正面
558,_,很好,整体,正面
558,_,很好用,整体,正面
559,护肤,不错,整体,正面
559,_,一直用,整体,正面
560,_,好用,整体,正面
560,_,好,整体,正面
561,精华,很舒服,使用体验,正面
561,_,很多,成分,正面
562,吸收,好,整体,正面
562,_,挺好,整体,正面
563,_,没,价格,负面
563,_,没什么,使用体验,负面
564,补水,补水,功效,正面
564,水,_,成分,正面
565,_,不错,整体,正面
565,_,大,价格,正面
566,包装,不错,整体,正面
566,_,还可以,整体,正面
567,_,好,整体,正面
568,味道,不错,整体,正面
568,味,好用,整体,正面
569,遮暇,很白,功效,正面
569,_,遮暇,功效,正面
570,味道,不适合,功效,负面
570,味,适合,整体,正面
571,_,不错,整体,正面
571,_,很不错,整体,正面
572,味道,好用,整体,正面
572,味,好,整体,正面
573,效果,不错,整体,正面
573,气味,很好,整体,正面
574,_,好,整体,正面
574,_,划算,价格,正面
575,_,不敢用,整体,负面
575,_,正,其他,正面
576,_,好,整体,正面
576,_,蛮好的,整体,正面
577,泡沫,好用,整体,正面
577,清洁能力,好,整体,正面
578,效果,还可以,整体,正面
578,持妆,可以,整体,正面
579,价,好用,整体,正面
579,_,好,整体,正面
580,礼物,不错,整体,正面
580,_,很好,整体,正面
581,_,不错,整体,正面
581,_,挺不错,整体,正面
582,保湿效果,很好,整体,正面
582,效果,好用,整体,正面
583,_,不错,整体,正面
583,_,很不错,整体,正面
584,_,好,整体,正面
584,_,满意,整体,正面
585,盒子,便宜,价格,正面
585,味,油,使用体验,负面
586,_,很好,整体,正面
586,_,很喜欢,整体,正面
587,隔离,不错,整体,正面
587,_,很不错,整体,正面
588,效果,好,整体,正面
588,上妆效果,还好,整体,正面
589,_,是正品,真伪,正面
589,_,正品,真伪,正面
590,补水效果,好用,整体,正面
590,补水,好,整体,正面
591,包装,高,价格,正面
591,_,比较高,价格,正面
592,_,好用,整体,正面
592,_,好,整体,正面
593,包装,不错,整体,正面
593,颜值,喜欢,整体,正面
594,保湿效果,不错,整体,正面
594,效果,保湿,功效,正面
595,快递,快,物流,正面
595,速度,细腻,使用体验,正面
596,好评,好评,整体,正面
596,_,好,整体,正面
597,_,很好,整体,正面
597,_,好,整体,正面
598,_,不敢用,整体,负面
599,效果,好,整体,正面
599,隔离效果,不好,整体,负面
600,_,挺好的,整体,正面
600,_,好,整体,正面
601,_,喜欢,整体,正面
601,_,不油腻,使用体验,正面
602,赠品,不错,整体,正面
602,_,还不错,整体,正面
603,_,好,整体,正面
603,_,便宜,价格,正面
604,保湿效果,不错,整体,正面
604,效果,很舒服,使用体验,正面
605,保湿,不错,整体,正面
605,产品,很自然,功效,正面
606,量,好用,整体,正面
606,好评,好评,整体,正面
607,_,快,物流,正面
607,_,好,整体,正面
608,效果,不错,整体,正面
608,_,方便,使用体验,正面
609,价格,好,整体,正面
609,补水,实惠,价格,正面
610,精华,很好,整体,正面
610,_,好,整体,正面
611,包装,好,整体,正面
611,_,非常好,整体,正面
612,价格,贵,价格,负面
612,价,不知道真假,真伪,中性
613,_,不错,整体,正面
613,_,还不错,整体,正面
614,_,不错,整体,正面
614,_,好用,整体,正面
615,味道,还可以,整体,正面
615,味,好,整体,正面
616,_,不错,整体,正面
616,_,还不错,整体,正面
617,_,很喜欢,整体,正面
617,_,喜欢,整体,正面
618,价格,挺好的,整体,正面
618,补水效果,好,整体,正面
619,浮粉,好用,整体,正面
619,_,好,整体,正面
620,效果,很好,整体,正面
620,产品,好,整体,正面
621,包装,不错,整体,正面
621,外包装,还不错,整体,正面
622,_,优惠,价格,正面
622,_,大,价格,正面
623,保湿效果,好,整体,正面
623,效果,非常好,整体,正面
624,_,不错,整体,正面
624,_,一直用,整体,正面
625,_,很舒服,使用体验,正面
625,_,划算,价格,正面
626,_,很好,整体,正面
626,_,很好用,整体,正面
627,香味,一样,气味,正面
627,味,没,价格,负面
628,物流,物美价廉,价格,正面
628,活动,满意,整体,正面
629,速度,不错,整体,正面
629,_,快,物流,正面
630,物流,快,物流,正面
630,包装,给力,物流,正面
631,包装,是正品,真伪,正面
631,_,正品,真伪,正面
632,_,不干,使用体验,正面
632,_,服帖,使用体验,正面
633,_,便宜,价格,正面
633,_,很多,成分,正面
634,量,好,整体,正面
634,_,好小,尺寸,负面
635,味道,好用,整体,正面
635,味,好,整体,正面
636,颜色,不错,整体,正面
636,遮瑕,一般,整体,中性
637,_,很好,整体,正面
637,_,好,整体,正面
638,快递,快,物流,正面
638,速度,好,整体,正面
639,_,很满意,整体,正面
639,_,满意,整体,正面
640,水,不错,整体,正面
640,_,还不错,整体,正面
641,_,油,使用体验,负面
641,_,不推荐,整体,负面
642,_,不错,整体,正面
642,_,很多,成分,正面
643,_,不错,整体,正面
643,_,还不错,整体,正面
644,_,不错,整体,正面
645,_,过敏了,使用体验,负面
645,_,过敏,使用体验,负面
646,隔离,喜欢,整体,正面
646,_,非常喜欢,整体,正面
647,_,不错,整体,正面
647,_,是正品,真伪,正面
648,_,很舒服,使用体验,正面
648,_,舒服,使用体验,正面
649,包装,可以,整体,正面
649,产品,一样,气味,正面
650,卸妆,很好,整体,正面
650,隔离,好,整体,正面
651,提亮,好用,整体,正面
651,_,好,整体,正面
652,_,很好,整体,正面
652,_,好,整体,正面
653,泡沫,喜欢,整体,正面
653,清洁力,强,功效,正面
654,活动,好用,整体,正面
654,_,好,整体,正面
655,味道,可以,整体,正面
655,味,淡淡的,气味,正面
656,效果,不错,整体,正面
657,保湿效果,不错,整体,正面
657,效果,好用,整体,正面
658,保湿,保湿,功效,正面
658,_,挺保湿,功效,正面
659,产品,不错,整体,正面
659,_,喜欢,整体,正面
660,_,正品,真伪,正面
660,_,放心,整体,正面
661,_,不错,整体,正面
661,_,还不错,整体,正面
662,物流,很好,整体,正面
662,包装,快,物流,正面
663,_,不错,整体,正面
663,_,很好,整体,正面
664,泡沫,挺好的,整体,正面
664,保湿,好,整体,正面
665,味,好,整体,正面
665,_,便宜,价格,正面
666,保湿效果,很好,整体,正面
666,效果,好,整体,正面
667,_,很好,整体,正面
667,_,很好用,整体,正面
668,物流,快,物流,正面
668,_,不刺激,使用体验,正面
669,_,不错,整体,正面
669,_,还不错,整体,正面
670,_,不错,整体,正面
670,_,很不错,整体,正面
671,快递,快,物流,正面
671,卸妆,挺快的,物流,正面
672,补水效果,不错,整体,正面
672,补水,好用,整体,正面
673,效果,很好,整体,正面
673,_,好,整体,正面
674,气味,好,整体,正面
674,味,便宜,价格,正面
675,_,好用,整体,正面
675,_,好,整体,正面
676,_,很划算,价格,正面
676,_,很舒服,使用体验,正面
677,价格,很快,物流,正面
677,包装,快,物流,正面
678,盒子,不错,整体,正面
678,_,划算,价格,正面
679,_,很喜欢,整体,正面
679,_,喜欢,整体,正面
680,保湿,还行,整体,正面
680,价钱,不卡粉,使用体验,正面
681,快递,快,物流,正面
681,速度,超快,物流,正面
682,活动,超值,价格,正面
682,_,真的,真伪,正面
683,_,挺好的,整体,正面
683,_,好,整体,正面
684,浮粉,轻薄,使用体验,正面
684,_,浮粉,使用体验,负面
685,_,便宜,价格,正面
685,_,还行,整体,正面
686,效果,不错,整体,正面
686,颜色,好用,整体,正面
687,_,好,整体,正面
687,_,非常好,整体,正面
688,_,很好,整体,正面
688,_,很好用,整体,正面
689,价格,很好,整体,正面
689,活动,很好用,整体,正面
690,_,不错,整体,正面
690,_,还不错,整体,正面
691,物流,不错,整体,正面
691,隔离,很快,物流,正面
692,物流,不错,整体,正面
692,_,快,物流,正面
693,效果,不错,整体,正面
693,隔离,很好,整体,正面
694,护肤,好用,整体,正面
694,_,好,整体,正面
695,_,好用,整体,正面
695,_,好,整体,正面
696,活动,实惠,价格,正面
697,包装,挺好的,整体,正面
697,态度,好,整体,正面
698,上妆,好评,整体,正面
698,好评,好,整体,正面
699,好评,好评,整体,正面
699,时间,好,整体,正面
700,_,好用,整体,正面
700,_,好,整体,正面
701,瓶子,好用,整体,正面
701,_,好,整体,正面
702,好评,不错,整体,正面
702,_,很好,整体,正面
703,活动,还可以,整体,正面
703,活动力度,可以,整体,正面
704,味,假的,真伪,负面
704,外壳,_,包装,正面
705,物流,快,物流,正面
705,速度,真是快,物流,正面
706,物流,不错,整体,正面
706,补水效果,快,物流,正面
707,_,不错,整体,正面
707,_,满意,整体,正面
708,_,不错,整体,正面
708,_,还不错,整体,正面
709,精华,很好,整体,正面
709,精华液,好,整体,正面
710,补水效果,好,整体,正面
710,补水,补水,功效,正面
711,_,挺好的,整体,正面
711,_,好,整体,正面
712,物流,很快,物流,正面
712,_,快,物流,正面
713,_,好用,整体,正面
713,_,好,整体,正面
714,_,不错,整体,正面
714,_,应该不错,整体,正面
715,物流,不错,整体,正面
715,_,快,物流,正面
716,补水效果,不错,整体,正面
716,补水,还不错,整体,正面
717,泡沫,满意,整体,正面
717,_,细腻,使用体验,正面
718,肤色,挺好的,整体,正面
718,_,好,整体,正面
719,_,好,整体,正面
719,_,不好,整体,负面
720,效果,不错,整体,正面
720,美白效果,挺好的,整体,正面
721,_,不错,整体,正面
722,痘痘,清爽,使用体验,正面
722,_,不适合,功效,负面
723,_,一般,整体,中性
724,_,不错,整体,正面
724,_,还不错,整体,正面
725,好评,好用,整体,正面
725,_,好评,整体,正面
726,发货,快,物流,正面
726,价钱,是正品,真伪,正面
727,补水,很好,整体,正面
727,保湿,很好用,整体,正面
728,精华,还可以,整体,正面
728,_,可以,整体,正面
729,_,很好,整体,正面
729,_,很好用,整体,正面
730,卸妆,不错,整体,正面
730,水,_,成分,正面
731,_,好,整体,正面
731,_,一般,整体,中性
732,_,不错,整体,正面
732,_,很喜欢,整体,正面
733,_,一般,整体,中性
734,性价比,很好,整体,正面
734,水,很好用,整体,正面
735,_,不错,整体,正面
735,_,还不错,整体,正面
736,物流,快,物流,正面
736,_,挺快,物流,正面
737,降价,好,整体,正面
737,价,没有,包装,负面
738,物流,不错,整体,正面
738,水分,快,物流,正面
739,_,喜欢,整体,正面
739,_,很满意,整体,正面
740,_,满意,整体,正面
740,_,挺满意的,整体,正面
741,补水效果,不错,整体,正面
741,补水,补水,功效,正面
742,物流,很快,物流,正面
742,_,快,物流,正面
743,清洁能力,好用,整体,正面
743,清洁,好,整体,正面
744,味道,不错,整体,正面
744,保湿,很不错,整体,正面
745,肤色,好用,整体,正面
745,_,好,整体,正面
746,效果,不错,整体,正面
746,_,好,整体,正面
747,速度,快,物流,正面
747,发货,挺快,物流,正面
748,效果,好,整体,正面
748,防晒效果,挺好,整体,正面
749,礼品,_,价格,正面
750,效果,很好,整体,正面
750,_,好,整体,正面
751,服务,不错,整体,正面
751,性价比,快,物流,正面
752,_,好,整体,正面
752,_,还好,整体,正面
753,物流,很喜欢,整体,正面
753,价格,快,物流,正面
754,_,好,整体,正面
754,_,还好,整体,正面
755,_,很好,整体,正面
755,_,很快,物流,正面
756,_,好,整体,正面
756,_,没有,包装,负面
757,效果,好用,整体,正面
757,_,好,整体,正面
758,快递,不错,整体,正面
758,质量,快,物流,正面
759,_,还可以,整体,正面
759,_,可以,整体,正面
760,活动,不错,整体,正面
760,效果,实惠,价格,正面
761,活动,好,整体,正面
761,_,给力,物流,正面
762,包装,不错,整体,正面
762,质量,很好,整体,正面
763,老板,不错,整体,正面
763,_,没,价格,负面
764,_,好,整体,正面
764,_,便宜,价格,正面
765,发货,不错,整体,正面
765,_,很快,物流,正面
766,活动,赞,整体,正面
766,产品,很值,价格,正面
767,_,好用,整体,正面
767,_,好,整体,正面
768,_,不错,整体,正面
768,_,一直用,整体,正面
769,白的,不错,整体,正面
769,_,好用,整体,正面
770,味道,很喜欢,整体,正面
770,味,喜欢,整体,正面
771,物流,很快,物流,正面
771,效果,快,物流,正面
772,到货,降价,价格,负面
772,降价,_,价格,负面
773,提亮肤色,提亮肤色,功效,正面
773,提亮,大爱,整体,正面
774,_,不错,整体,正面
774,_,还不错,整体,正面
775,价格,快,物流,正面
775,服务,好,整体,正面
776,味道,好用,整体,正面
776,味,好,整体,正面
777,水,水润,使用体验,正面
777,_,挺水润,使用体验,正面
778,味道,好,整体,正面
778,味,便宜,价格,正面
779,保湿效果,很好,整体,正面
779,效果,好用,整体,正面
780,味道,好,整体,正面
780,颜色,喜欢,整体,正面
781,_,好,整体,正面
781,_,便宜,价格,正面
782,礼物,不错,整体,正面
782,_,真心不错,整体,正面
783,补水效果,不错,整体,正面
783,补水,很不错,整体,正面
784,补水效果,不错,整体,正面
784,快递,快,物流,正面
785,瓶子,不错,整体,正面
785,_,很好,整体,正面
786,_,自然,功效,正面
786,_,服帖,使用体验,正面
787,_,很干,使用体验,负面
787,_,不值,整体,负面
788,速度,不错,整体,正面
788,礼品,还不错,整体,正面
789,_,好用,整体,正面
789,_,好,整体,正面
790,_,好,整体,正面
790,_,便宜,价格,正面
791,_,不错,整体,正面
791,_,太干,使用体验,负面
792,_,白,功效,正面
793,味道,很好,整体,正面
793,味,很好用,整体,正面
794,_,过敏,使用体验,负面
795,味道,香香的,气味,正面
795,效果,漂亮,包装,正面
796,物流,很快,物流,正面
796,补水效果,快,物流,正面
797,_,很适合,整体,正面
797,_,适合,整体,正面
798,_,快,物流,正面
798,_,就是快,物流,正面
799,补水,不错,整体,正面
799,效果,很不错,整体,正面
800,_,不错,整体,正面
800,_,还不错,整体,正面
801,盒子,很好,整体,正面
801,_,好用,整体,正面
802,价格,很好,整体,正面
802,香味,好,整体,正面
803,_,很好,整体,正面
803,_,好,整体,正面
804,物流,快,物流,正面
804,包装,好,整体,正面
805,价格,挺好的,整体,正面
805,价,好,整体,正面
806,_,还可以,整体,正面
806,_,好用,整体,正面
807,活动,给力,物流,正面
807,_,没有,包装,负面
808,_,很好,整体,正面
808,_,好,整体,正面
809,好评,好评,整体,正面
809,_,好,整体,正面
810,味道,很好,整体,正面
810,味,好,整体,正面
811,补水效果,不错,整体,正面
811,补水,好用,整体,正面
812,_,不错,整体,正面
812,_,还不错,整体,正面
813,物流,好用,整体,正面
813,上妆,很快,物流,正面
814,活动,很划算,价格,正面
814,_,划算,价格,正面
815,包装,好,整体,正面
815,_,多,成分,正面
816,快递,快,物流,正面
816,_,支持,整体,正面
817,物流,快,物流,正面
817,清洁能力,给力,物流,正面
818,_,不错,整体,正面
818,_,不刺激,使用体验,正面
819,补水效果,好用,整体,正面
819,补水,好,整体,正面
820,活动,好,整体,正面
820,效果,实惠,价格,正面
821,_,不错,整体,正面
821,_,还不错,整体,正面
822,浮粉,很好,整体,正面
822,_,好,整体,正面
823,_,很喜欢,整体,正面
823,_,喜欢,整体,正面
824,_,很好,整体,正面
824,_,很好用,整体,正面
825,质量,不错,整体,正面
825,量,满意,整体,正面
826,_,好,整体,正面
826,_,更好,整体,正面
827,卸妆,不错,整体,正面
827,隔离,很好,整体,正面
828,快递,好用,整体,正面
828,速度,快,物流,正面
829,补水效果,挺好的,整体,正面
829,补水,好,整体,正面
830,物流,很好,整体,正面
830,_,很快,物流,正面
831,_,是正品,真伪,正面
831,_,正品,真伪,正面
832,_,还可以,整体,正面
832,_,可以,整体,正面
833,乳液,没有,包装,负面
833,泡泡,垃圾,整体,负面
834,_,挺好的,整体,正面
834,_,好,整体,正面
835,成膜,好用,整体,正面
835,_,挺好的,整体,正面
836,性价比,很好,整体,正面
836,保湿,好,整体,正面
837,价位,不错,整体,正面
837,价,还不错,整体,正面
838,_,很好,整体,正面
838,_,好,整体,正面
839,效果,挺好的,整体,正面
839,上妆效果,好,整体,正面
840,包装,还可以,整体,正面
840,卸妆,可以,整体,正面
841,活动,好用,整体,正面
841,活动价,好,整体,正面
842,护肤,喜欢,整体,正面
842,泡泡,还行,整体,正面
843,物流,不错,整体,正面
843,_,快,物流,正面
844,_,好用,整体,正面
844,_,好,整体,正面
845,_,不错,整体,正面
845,_,很不错,整体,正面
846,物流,快,物流,正面
846,好评,好评,整体,正面
847,_,实惠,价格,正面
847,_,很实惠,价格,正面
848,快递,不错,整体,正面
848,保湿,挺好的,整体,正面
849,活动,划算,价格,正面
849,_,挺划算的,价格,正面
850,_,没,价格,负面
850,_,发错,物流,负面
851,_,不错,整体,正面
851,_,还不错,整体,正面
852,效果,很好,整体,正面
852,_,很好用,整体,正面
853,上妆,好,整体,正面
853,_,轻薄,使用体验,正面
854,质量,不错,整体,正面
854,量,不错的,整体,正面
855,保湿效果,挺好的,整体,正面
855,效果,好,整体,正面
856,包装,挺好的,整体,正面
856,到货,好,整体,正面
857,_,还可以,整体,正面
857,_,可以,整体,正面
858,_,不错,整体,正面
858,_,很好,整体,正面
859,_,很好,整体,正面
859,_,好,整体,正面
860,保湿,很好,整体,正面
860,_,很好用,整体,正面
861,_,很棒,整体,正面
861,_,有点油,使用体验,负面
862,快递,快,物流,正面
862,送货,一样,气味,正面
863,_,好,整体,正面
863,_,油,使用体验,负面
864,_,很好,整体,正面
864,_,很好用,整体,正面
865,保湿,保湿,功效,正面
865,_,挺保湿,功效,正面
866,_,好用,整体,正面
866,_,好,整体,正面
867,遮暇,还可以,整体,正面
867,_,可以,整体,正面
868,赠品,不错,整体,正面
868,_,很喜欢,整体,正面
869,产品,好用,整体,正面
869,_,好,整体,正面
870,价,不错,整体,正面
871,护肤,不错,整体,正面
871,_,还不错,整体,正面
872,补水效果,好,整体,正面
872,补水,非常好,整体,正面
873,包装,挺好的,整体,正面
873,_,好,整体,正面
874,客服,好评,整体,正面
874,好评,好,整体,正面
875,味道,细腻,使用体验,正面
875,隔离,清香,气味,正面
876,_,便宜,价格,正面
877,_,好用,整体,正面
877,_,好,整体,正面
878,_,很喜欢,整体,正面
878,_,喜欢,整体,正面
879,_,不错,整体,正面
879,_,轻薄,使用体验,正面
880,活动,不错,整体,正面
880,补水,保湿,功效,正面
881,_,不错,整体,正面
881,_,很服帖,使用体验,正面
882,补水,很好,整体,正面
882,精华,很好用,整体,正面
883,_,喜欢,整体,正面
883,_,非常喜欢,整体,正面
884,送货,很高,价格,正面
884,_,高,价格,正面
885,_,还可以,整体,正面
885,_,可以,整体,正面
886,_,不错,整体,正面
886,_,还不错,整体,正面
887,隔离,好用,整体,正面
887,_,好,整体,正面
888,遮瑕,好用,整体,正面
888,_,好,整体,正面
889,价格,快,物流,正面
889,快递,实惠,价格,正面
890,价格,好,整体,正面
890,活动,还行,整体,正面
891,产品,很满意,整体,正面
891,_,满意,整体,正面
892,_,好用,整体,正面
892,_,好,整体,正面
893,质量,很好,整体,正面
893,量,好,整体,正面
894,效果,快,物流,正面
895,_,好用,整体,正面
895,_,好,整体,正面
896,颜色,好用,整体,正面
896,_,好,整体,正面
897,_,不错,整体,正面
897,_,一直用,整体,正面
898,产品,很好,整体,正面
898,_,很好用,整体,正面
899,泡沫,不干,使用体验,正面
899,_,干净,功效,正面
900,_,好,整体,正面
900,_,喜欢,整体,正面
901,_,滋润,使用体验,正面
901,_,非常滋润,使用体验,正面
902,活动,好评,整体,正面
902,到货,好,整体,正面
903,清洁,好,整体,正面
903,设计,喜欢,整体,正面
904,卸妆,不错,整体,正面
904,价,还不错,整体,正面
905,_,很满意,整体,正面
905,_,满意,整体,正面
906,快寄,快,物流,正面
906,_,很给力,物流,正面
907,活动,好用,整体,正面
907,_,好,整体,正面
908,精华,很多,成分,正面
908,保湿,保湿,功效,正面
909,物流,快,物流,正面
909,_,好,整体,正面
910,颜色,很适合,整体,正面
910,收货,及时,物流,正面
911,隔离,不错,整体,正面
911,_,好,整体,正面
912,酒精味,很好,整体,正面
912,味,好,整体,正面
913,活动,不错,整体,正面
913,产品,很多,成分,正面
914,_,很好,整体,正面
914,_,好,整体,正面
915,_,不错,整体,正面
915,_,还不错,整体,正面
916,活动,快,物流,正面
916,快递,很多,成分,正面
917,效果,好用,整体,正面
917,提亮肤色,好,整体,正面
918,_,不错,整体,正面
918,_,真心不错,整体,正面
919,_,不错,整体,正面
919,_,还不错,整体,正面
920,味道,是正品,真伪,正面
920,味,正品,真伪,正面
921,_,好用,整体,正面
921,_,好,整体,正面
922,_,还可以,整体,正面
922,_,可以,整体,正面
923,快递,快,物流,正面
923,_,很给力,物流,正面
924,保湿效果,不错,整体,正面
924,效果,还不错,整体,正面
925,活动,很好,整体,正面
925,补水效果,好用,整体,正面
926,味道,不错,整体,正面
926,保湿,挺好的,整体,正面
927,味道,挺好的,整体,正面
927,补水,好,整体,正面
928,产品,很好,整体,正面
928,_,好,整体,正面
929,_,好,整体,正面
929,_,一如既往的好,整体,正面
930,_,好,整体,正面
930,_,喜欢,整体,正面
931,_,没,价格,负面
931,_,小小,尺寸,负面
932,物流,快,物流,正面
932,_,也快,物流,正面
933,味道,好,整体,正面
933,精华,非常好,整体,正面
934,速度,快,物流,正面
934,_,速度快,物流,正面
935,卡粉,好用,整体,正面
935,_,好,整体,正面
936,活动,还可以,整体,正面
936,_,可以,整体,正面
937,活动,不错,整体,正面
937,性价比,很高,价格,正面
938,精华,很好,整体,正面
938,_,很好用,整体,正面
939,_,好用,整体,正面
939,_,好,整体,正面
940,保湿效果,很好,整体,正面
940,效果,好,整体,正面
941,痘痘,不错,整体,正面
941,_,还不错,整体,正面
942,价格,好,整体,正面
942,价,便宜,价格,正面
943,价格,便宜,价格,正面
943,价,一般,整体,中性
944,吸收,好,整体,正面
944,量,不油腻,使用体验,正面
945,补水效果,不错,整体,正面
945,补水,补水,功效,正面
946,包装,好用,整体,正面
946,盒子,好,整体,正面
947,包装,不错,整体,正面
947,补水效果,好,整体,正面
948,_,不错,整体,正面
949,水,喜欢,整体,正面
949,_,实惠,价格,正面
950,时间,不错,整体,正面
950,_,好,整体,正面
951,成膜,好,整体,正面
951,_,多,成分,正面
952,推开,好,整体,正面
952,_,还行,整体,正面
953,_,_,_,_
954,_,不错,整体,正面
954,_,还不错,整体,正面
955,提亮肤色,好用,整体,正面
955,提亮,好,整体,正面
956,_,不错,整体,正面
956,_,很好,整体,正面
957,速度,不错,整体,正面
957,_,快,物流,正面
958,颜色,挺好的,整体,正面
958,持久,好,整体,正面
959,_,不错,整体,正面
959,_,好用,整体,正面
960,快递,快,物流,正面
960,速度,没有,包装,负面
961,_,不错,整体,正面
961,_,还不错,整体,正面
962,_,不错,整体,正面
962,_,还不错,整体,正面
963,物流,很好,整体,正面
963,_,很好用,整体,正面
964,_,不错,整体,正面
964,_,不错的,整体,正面
965,水,水嫩,使用体验,正面
965,_,水嫩的,使用体验,正面
966,卡粉,自然,功效,正面
966,_,卡粉,使用体验,负面
967,_,没,价格,负面
967,_,贵了,价格,负面
968,颜色,浮粉,使用体验,负面
968,浮粉,太白,功效,负面
969,_,很滋润,使用体验,正面
969,_,滋润,使用体验,正面
970,_,很好,整体,正面
970,_,很好用,整体,正面
971,_,好用,整体,正面
971,_,好,整体,正面
972,_,可以,整体,正面
973,赠品,好用,整体,正面
973,_,好,整体,正面
974,_,好用,整体,正面
974,_,好,整体,正面
975,_,不错,整体,正面
975,_,还不错,整体,正面
976,_,还可以,整体,正面
976,_,可以,整体,正面
977,_,清爽,使用体验,正面
977,_,油,使用体验,负面
978,_,好,整体,正面
978,_,没,价格,负面
979,_,好用,整体,正面
979,_,好,整体,正面
980,_,不错,整体,正面
981,_,有点小,尺寸,负面
982,价,还行,整体,正面
982,时间,_,物流,正面
983,_,还可以,整体,正面
983,_,可以,整体,正面
984,_,不错,整体,正面
984,_,好用,整体,正面
985,好评,好用,整体,正面
985,_,好评,整体,正面
986,_,好,整体,正面
986,_,喜欢,整体,正面
987,肤色,很好,整体,正面
987,_,很好用,整体,正面
988,效果,很好,整体,正面
988,卸妆,好,整体,正面
989,包装,好用,整体,正面
989,盒子,好,整体,正面
990,味道,很好,整体,正面
990,味,很好用,整体,正面
991,_,很好,整体,正面
991,_,很好用,整体,正面
992,_,便宜,价格,正面
992,_,少,使用体验,负面
993,_,好,整体,正面
993,_,一如既往的好,整体,正面
994,价格,很好,整体,正面
994,补水效果,快,物流,正面
995,_,好用,整体,正面
995,_,好,整体,正面
996,活动,_,价格,正面
997,肤色,很好,整体,正面
997,_,很好用,整体,正面
998,吸收,好,整体,正面
998,_,满意,整体,正面
999,_,还可以,整体,正面
999,_,可以,整体,正面
1000,发货,好,整体,正面
1000,_,及时,物流,正面
1001,_,一般,整体,中性
1002,活动,好评,整体,正面
1002,好评,好,整体,正面
1003,_,好用,整体,正面
1003,_,好,整体,正面
1004,提亮肤色,很喜欢,整体,正面
1004,提亮,喜欢,整体,正面
1005,_,很好,整体,正面
1005,_,很好用,整体,正面
1006,好评,不错,整体,正面
1006,_,还不错,整体,正面
1007,价格,好用,整体,正面
1007,价,好,整体,正面
1008,_,不错,整体,正面
1008,_,很好,整体,正面
1009,补水,好,整体,正面
1009,保湿,不油腻,使用体验,正面
1010,性价比,很好,整体,正面
1010,效果,好,整体,正面
1011,_,干巴巴,使用体验,负面
1012,_,很好,整体,正面
1012,_,很好用,整体,正面
1013,保湿,不错,整体,正面
1013,_,喜欢,整体,正面
1014,瓶子,不错,整体,正面
1014,_,好用,整体,正面
1015,快递,不错,整体,正面
1015,_,好用,整体,正面
1016,_,好用,整体,正面
1016,_,好,整体,正面
1017,效果,好用,整体,正面
1017,遮瑕效果,好,整体,正面
1018,卸妆,不错,整体,正面
1018,水,自然,功效,正面
1019,_,好,整体,正面
1019,_,合适,价格,正面
1020,_,很舒服,使用体验,正面
1020,_,清爽,使用体验,正面
1021,物流,快,物流,正面
1021,服务,好,整体,正面
1022,_,划算,价格,正面
1022,_,挺划算的,价格,正面
1023,好评,好用,整体,正面
1023,_,好评,整体,正面
1024,活动,给力,物流,正面
1024,_,合适,价格,正面
1025,_,快,物流,正面
1025,_,物有所值,整体,正面
1026,_,还可以,整体,正面
1026,_,好用,整体,正面
1027,快递,快,物流,正面
1027,补水,好,整体,正面
1028,效果,好用,整体,正面
1028,提亮,好,整体,正面
1029,包装,很好,整体,正面
1029,_,很喜欢,整体,正面
1030,清香,很好,整体,正面
1030,_,好,整体,正面
1031,价,不错,整体,正面
1031,_,好用,整体,正面
1032,卡粉,好,整体,正面
1032,_,挺好,整体,正面
1033,活动,好用,整体,正面
1033,价,好,整体,正面
1034,保质期,好,整体,正面
1034,价,没有,包装,负面
1035,产品,好用,整体,正面
1035,_,好,整体,正面
1036,_,不错,整体,正面
1036,_,还不错,整体,正面
1037,上妆,自然,功效,正面
1037,味,卡粉,使用体验,负面
1038,_,不错,整体,正面
1038,_,是正品,真伪,正面
1039,保湿效果,还行,整体,正面
1039,效果,很服帖,使用体验,正面
1040,快递,很好,整体,正面
1040,精华,快,物流,正面
1041,_,不错,整体,正面
1042,_,白,功效,正面
1043,保湿,很好,整体,正面
1043,水,很好用,整体,正面
1044,_,很好,整体,正面
1044,_,很好用,整体,正面
1045,物流,很快,物流,正面
1045,效果,快,物流,正面
1046,_,是正品,真伪,正面
1046,_,正品,真伪,正面
1047,_,方便,使用体验,正面
1047,_,很大,价格,正面
1048,_,不油腻,使用体验,正面
1048,_,清爽,使用体验,正面
1049,包装,好,整体,正面
1049,香味,还好,整体,正面
1050,补水,快,物流,正面
1050,性价比,保湿,功效,正面
1051,_,不错,整体,正面
1051,_,一直在用,整体,正面
1052,保湿,好,整体,正面
1052,_,还好,整体,正面
1053,味道,好评,整体,正面
1053,味,好,整体,正面
1054,味道,还可以,整体,正面
1054,泡沫,可以,整体,正面
1055,_,一般,整体,中性
1055,_,一般般,整体,中性
1056,_,一般,整体,中性
1056,_,一般般,整体,中性
1057,_,赞,整体,正面
1057,_,大爱,整体,正面
1058,活动,赞,整体,正面
1058,优惠活动,优惠,价格,正面
1059,好评,好评,整体,正面
1059,_,好,整体,正面
1060,物流,不错,整体,正面
1060,_,很快,物流,正面
1061,速度,真的,真伪,正面
1061,发货,_,物流,正面
1062,效果,很滋润,使用体验,正面
1062,遮暇效果,滋润,使用体验,正面
1063,补水效果,好用,整体,正面
1063,补水,好,整体,正面
1064,服务,很好,整体,正面
1064,服务态度,好,整体,正面
1065,_,一样,气味,正面
1066,味道,不错,整体,正面
1066,效果,喜欢,整体,正面
1067,泡泡,好,整体,正面
1067,_,很舒服,使用体验,正面
1068,卸妆,不错,整体,正面
1068,水,很好,整体,正面
1069,_,好,整体,正面
1069,_,不干,使用体验,正面
1070,_,满意,整体,正面
1070,_,非常满意,整体,正面
1071,_,不错,整体,正面
1071,_,还不错,整体,正面
1072,_,好用,整体,正面
1072,_,好,整体,正面
1073,价格,美丽,价格,正面
1073,价,_,价格,正面
1074,产品,不错,整体,正面
1074,_,很不错,整体,正面
1075,效果,一般,整体,中性
1076,清洁力,好,整体,正面
1076,清洁,不适合,功效,负面
1077,赠品,还行,整体,正面
1077,效果,很多,成分,正面
1078,_,好用,整体,正面
1078,_,好,整体,正面
1079,粉扑,好用,整体,正面
1079,_,好,整体,正面
1080,速度,没,价格,负面
1080,_,没用,整体,负面
1081,泡沫,不干,使用体验,正面
1081,_,细腻,使用体验,正面
1082,_,好,整体,正面
1082,_,一如既往的好,整体,正面
1083,_,不错,整体,正面
1083,_,还不错,整体,正面
1084,日期,不错,整体,正面
1084,_,新,包装,正面
1085,_,一般,整体,中性
1085,_,一般般,整体,中性
1086,物流,很快,物流,正面
1086,_,快,物流,正面
1087,_,不错,整体,正面
1087,_,还不错,整体,正面
1088,_,还可以,整体,正面
1088,_,可以,整体,正面
1089,_,好,整体,正面
1090,活动,不错,整体,正面
1090,_,还不错,整体,正面
1091,持久,持久,使用体验,正面
1092,补水,好,整体,正面
1092,效果,喜欢,整体,正面
1093,补水,不错,整体,正面
1093,保湿,保湿,功效,正面
1094,物流,给力,物流,正面
1094,品质,一直在用,整体,正面
1095,_,不错,整体,正面
1095,_,很多,成分,正面
1096,遮瑕,不错,整体,正面
1096,防晒,还不错,整体,正面
1097,_,很好,整体,正面
1097,_,好,整体,正面
1098,隔离,挺好的,整体,正面
1098,提亮肤色,好,整体,正面
1099,味道,一般,整体,中性
1099,香味,没有,包装,负面
1100,_,不错,整体,正面
1100,_,一直用,整体,正面
1101,价,廉,价格,正面
1102,价格,不错,整体,正面
1102,价,很清爽,使用体验,正面
1103,_,很满意,整体,正面
1103,_,满意,整体,正面
1104,_,好,整体,正面
1104,_,过敏了,使用体验,负面
1105,补水,很好,整体,正面
1105,效果,好,整体,正面
1106,产品,满意,整体,正面
1106,_,非常满意,整体,正面
1107,_,好用,整体,正面
1107,_,好,整体,正面
1108,香味,还可以,整体,正面
1108,效果,可以,整体,正面
1109,日期,差,整体,负面
1109,_,近期,新鲜度,负面
1110,_,喜欢,整体,正面
1110,_,超级喜欢,整体,正面
1111,_,好,整体,正面
1111,_,非常好,整体,正面
1112,包装,还可以,整体,正面
1112,_,可以,整体,正面
1113,_,好,整体,正面
1113,_,真的好,功效,正面
1114,包装,好,整体,正面
1114,卸妆,赞,整体,正面
1115,物流,快,物流,正面
1115,服务,好,整体,正面
1116,_,挺好的,整体,正面
1116,_,好,整体,正面
1117,物流,很快,物流,正面
1117,_,快,物流,正面
1118,袋子,实惠,价格,正面
1118,_,很漂亮,包装,正面
1119,价,不错,整体,正面
1119,_,还不错,整体,正面
1120,_,不错,整体,正面
1120,_,细腻,使用体验,正面
1121,香味,好用,整体,正面
1121,味,好,整体,正面
1122,速度,不错,整体,正面
1122,发货,还不错,整体,正面
1123,_,很好,整体,正面
1123,_,好,整体,正面
1124,产品,还行,整体,正面
1124,_,还行吧,整体,正面
1125,物流,不错,整体,正面
1125,好评,好评,整体,正面
1126,卡粉,挺好的,整体,正面
1126,_,好,整体,正面
1127,味道,好用,整体,正面
1127,质地,好,整体,正面
1128,效果,很好,整体,正面
1128,好评,很喜欢,整体,正面
1129,_,不错,整体,正面
1129,_,很不错,整体,正面
1130,_,好用,整体,正面
1130,_,好,整体,正面
1131,_,有点干,使用体验,负面
1131,_,没,价格,负面
1132,物流,不错,整体,正面
1132,_,快,物流,正面
1133,价格,不错,整体,正面
1133,价,很好,整体,正面
1134,物流,不错,整体,正面
1134,效果,还不错,整体,正面
1135,效果,不错,整体,正面
1135,发货,还不错,整体,正面
1136,_,棒棒哒,整体,正面
1136,_,轻薄,使用体验,正面
1137,效果,好,整体,正面
1137,卸妆,不油腻,使用体验,正面
1138,物流,很好,整体,正面
1138,卖家,很好用,整体,正面
1139,_,_,_,_
1140,_,很好,整体,正面
1140,_,好,整体,正面
1141,活动,不错,整体,正面
1141,提亮肤色,很不错,整体,正面
1142,香味,很好,整体,正面
1142,味,很好用,整体,正面
1143,好评,好评,整体,正面
1143,_,好,整体,正面
1144,_,还行,整体,正面
1144,_,还行吧,整体,正面
1145,效果,不错,整体,正面
1145,精华,好,整体,正面
1146,_,挺好的,整体,正面
1146,_,好,整体,正面
1147,质量,不错,整体,正面
1147,外观,还不错,整体,正面
1148,_,不错,整体,正面
1148,_,多,成分,正面
1149,礼品,不错,整体,正面
1150,包装,好,整体,正面
1150,_,是正品,真伪,正面
1151,物流,很快,物流,正面
1151,_,快,物流,正面
1152,_,好用,整体,正面
1152,_,好,整体,正面
1153,快递,快,物流,正面
1153,_,很给力,物流,正面
1154,_,很喜欢,整体,正面
1154,_,好,整体,正面
1155,到货,快,物流,正面
1155,_,就是快,物流,正面
1156,效果,是正品,真伪,正面
1156,_,正品,真伪,正面
1157,物流,好,整体,正面
1157,味道,喜欢,整体,正面
1158,味道,好用,整体,正面
1158,味,好,整体,正面
1159,效果,很好,整体,正面
1159,遮暇效果,很好用,整体,正面
1160,_,不错,整体,正面
1160,_,很不错,整体,正面
1161,价格,一样,气味,正面
1161,价,_,价格,正面
1162,_,很好,整体,正面
1162,_,很好用,整体,正面
1163,_,好用,整体,正面
1163,_,好,整体,正面
1164,速度,快,物流,正面
1164,效果,便宜,价格,正面
1165,_,大,价格,正面
1165,_,白,功效,正面
1166,好评,好评,整体,正面
1166,_,好,整体,正面
1167,_,很好,整体,正面
1167,_,好,整体,正面
1168,补水效果,好,整体,正面
1168,补水,实惠,价格,正面
1169,物流,不错,整体,正面
1169,_,还可以,整体,正面
1170,好评,好评,整体,正面
1170,品质,好,整体,正面
1171,水,挺好的,整体,正面
1171,_,好,整体,正面
1172,_,适合,整体,正面
1172,_,真的,真伪,正面
1173,价格,实惠,价格,正面
1173,味道,很实惠,价格,正面
1174,_,不错,整体,正面
1174,_,喜欢,整体,正面
1175,礼物,不错,整体,正面
1175,_,很满意,整体,正面
1176,性价比,很高,价格,正面
1176,性价,高,价格,正面
1177,_,不错,整体,正面
1177,_,很不错,整体,正面
1178,产品,喜欢,整体,正面
1178,_,多,成分,正面
1179,_,假货,真伪,负面
1179,_,过敏,使用体验,负面
1180,包装,不错,整体,正面
1180,粉扑,好,整体,正面
1181,保质期,划算,价格,正面
1181,日期,大,价格,正面
1182,_,好用,整体,正面
1182,_,好,整体,正面
1183,_,便宜,价格,正面
1183,_,没有,包装,负面
1184,_,服帖,使用体验,正面
1184,_,不服帖,使用体验,负面
1185,卸妆,很喜欢,整体,正面
1185,_,喜欢,整体,正面
1186,快递,快,物流,正面
1186,速度,真快,物流,正面
1187,质量,好评,整体,正面
1187,量,好,整体,正面
1188,好评,好用,整体,正面
1188,_,好评,整体,正面
1189,_,不开心,整体,负面
1189,_,没,价格,负面
1190,效果,不错,整体,正面
1190,_,挺好的,整体,正面
1191,_,可以,整体,正面
1191,_,干净,功效,正面
1192,_,喜欢,整体,正面
1192,_,超级喜欢,整体,正面
1193,活动,是正品,真伪,正面
1193,_,正品,真伪,正面
1194,_,挺好的,整体,正面
1194,_,好,整体,正面
1195,_,很好,整体,正面
1195,_,好,整体,正面
1196,物流,快,物流,正面
1196,包装,好,整体,正面
1197,_,不错,整体,正面
1197,_,很多,成分,正面
1198,效果,好,整体,正面
1198,_,挺好,整体,正面
1199,_,很喜欢,整体,正面
1199,_,好,整体,正面
1200,_,挺好的,整体,正面
1200,_,好,整体,正面
1201,_,不错,整体,正面
1201,_,不错不错,整体,正面
1202,_,很好,整体,正面
1202,_,很好用,整体,正面
1203,水,不错,整体,正面
1203,_,挺不错的,整体,正面
1204,物流,快,物流,正面
1204,_,好,整体,正面
1205,香味,好用,整体,正面
1205,味,好,整体,正面
1206,_,好,整体,正面
1206,_,一如既往的好,整体,正面
1207,_,不错,整体,正面
1207,_,不错的,整体,正面
1208,护肤,不错,整体,正面
1208,_,很不错,整体,正面
1209,提亮肤色,很满意,整体,正面
1209,提亮,满意,整体,正面
1210,补水效果,补水,功效,正面
1210,补水,很棒,整体,正面
1211,效果,不错,整体,正面
1211,价,一直在用,整体,正面
1212,水,好用,整体,正面
1212,_,好,整体,正面
1213,_,不错,整体,正面
1213,_,好,整体,正面
1214,质量,不错,整体,正面
1214,量,水润,使用体验,正面
1215,水,很好,整体,正面
1215,_,很好用,整体,正面
1216,效果,可以,整体,正面
1216,隔离效果,水润,使用体验,正面
1217,_,不干,使用体验,正面
1217,_,细腻,使用体验,正面
1218,_,好,整体,正面
1219,_,好,整体,正面
1219,_,油,使用体验,负面
1220,_,好用,整体,正面
1220,_,快,物流,正面
1221,味道,挺好的,整体,正面
1221,隔离,好,整体,正面
1222,水分,很舒服,使用体验,正面
1222,水,很多,成分,正面
1223,效果,不错,整体,正面
1223,水,感觉不错,整体,正面
1224,价格,不错,整体,正面
1224,价,还不错,整体,正面
1225,物流,好用,整体,正面
1225,_,很快,物流,正面
1226,_,喜欢,整体,正面
1226,_,挺喜欢的,整体,正面
1227,_,很好,整体,正面
1227,_,好,整体,正面
1228,提亮,强,功效,正面
1228,遮暇,遮暇,功效,正面
1229,水,挺好的,整体,正面
1229,乳液,快,物流,正面
1230,味道,很好,整体,正面
1230,味,很好用,整体,正面
1231,包装,不错,整体,正面
1231,保湿效果,挺好的,整体,正面
1232,速度,不错,整体,正面
1232,_,很快,物流,正面
1233,_,_,_,_
1234,味道,很好,整体,正面
1234,卖家,好,整体,正面
1235,物流,很好,整体,正面
1235,_,很好用,整体,正面
1236,包装,很满意,整体,正面
1236,卸妆,满意,整体,正面
1237,效果,没有,包装,负面
1237,遮暇效果,遮暇,功效,正面
1238,_,好,整体,正面
1238,_,便宜,价格,正面
1239,_,不错,整体,正面
1239,_,还不错,整体,正面
1240,_,满意,整体,正面
1240,_,很干,使用体验,负面
1241,效果,好用,整体,正面
1241,上妆效果,好,整体,正面
1242,隔离,很好,整体,正面
1242,_,很好用,整体,正面
1243,物流,很好,整体,正面
1243,包装,好用,整体,正面
1244,_,好用,整体,正面
1244,_,好,整体,正面
1245,白的,可以,整体,正面
1245,_,白,功效,正面
1246,效果,很好,整体,正面
1246,_,好,整体,正面
1247,_,很喜欢,整体,正面
1247,_,喜欢,整体,正面
1248,_,好用,整体,正面
1248,_,好,整体,正面
1249,水,很好,整体,正面
1249,_,很好用,整体,正面
1250,保湿效果,很好,整体,正面
1250,效果,好,整体,正面
1251,包装,好,整体,正面
1251,效果,多,成分,正面
1252,味道,很好,整体,正面
1252,味,很好用,整体,正面
1253,_,好,整体,正面
1253,_,还好,整体,正面
1254,香味,香,气味,正面
1254,味,重,气味,负面
1255,_,好用,整体,正面
1255,_,好,整体,正面
1256,价格,实惠,价格,正面
1256,价,_,价格,正面
1257,_,不错,整体,正面
1257,_,不错的,整体,正面
1258,乳液,不错,整体,正面
1258,_,多,成分,正面
1259,活动,不错,整体,正面
1259,补水效果,很多,成分,正面
1260,隔离,好评,整体,正面
1260,好评,好,整体,正面
1261,_,喜欢,整体,正面
1261,_,可以,整体,正面
1262,_,好用,整体,正面
1262,_,好,整体,正面
1263,_,快,物流,正面
1263,_,就是快,物流,正面
1264,_,很好,整体,正面
1264,_,很好用,整体,正面
1265,味道,不错,整体,正面
1265,保湿,很好,整体,正面
1266,物流,很好,整体,正面
1266,质量,很快,物流,正面
1267,_,不错,整体,正面
1267,_,还不错,整体,正面
1268,_,很适合,整体,正面
1268,_,油,使用体验,负面
1269,_,很好,整体,正面
1269,_,好,整体,正面
1270,_,挺好的,整体,正面
1270,_,好,整体,正面
1271,香味,多,成分,正面
1271,味,没,价格,负面
1272,_,好,整体,正面
1272,_,一如既往的好,整体,正面
1273,_,还可以,整体,正面
1273,_,实惠,价格,正面
1274,补水效果,很好,整体,正面
1274,补水,好,整体,正面
1275,滋润度,好用,整体,正面
1275,卡粉,好,整体,正面
1276,_,挺好的,整体,正面
1276,_,好,整体,正面
1277,_,不错,整体,正面
1277,_,还不错,整体,正面
1278,_,很好,整体,正面
1278,_,好,整体,正面
1279,_,好,整体,正面
1279,_,喜欢,整体,正面
1280,活动,不错,整体,正面
1280,_,很不错,整体,正面
1281,补水效果,好,整体,正面
1281,补水,非常好,整体,正面
1282,_,满意,整体,正面
1282,_,挺满意的,整体,正面
1283,_,好,整体,正面
1283,_,多,成分,正面
1284,_,不紧绷,使用体验,正面
1285,_,很好,整体,正面
1285,_,很好用,整体,正面
1286,_,不错,整体,正面
1286,_,真心不错,整体,正面
1287,卸妆,不错,整体,正面
1287,水,还不错,整体,正面
1288,_,不错,整体,正面
1288,_,很不错,整体,正面
1289,_,还可以,整体,正面
1289,_,可以,整体,正面
1290,_,不错,整体,正面
1290,_,还不错,整体,正面
1291,保湿效果,不错,整体,正面
1291,效果,很好,整体,正面
1292,价格,好评,整体,正面
1292,活动,好,整体,正面
1293,味道,不错,整体,正面
1293,上妆,很不错,整体,正面
1294,_,还行,整体,正面
1294,_,方便,使用体验,正面
1295,_,好,整体,正面
1295,_,还好,整体,正面
1296,卖家,好,整体,正面
1296,_,是正品,真伪,正面
1297,_,好用,整体,正面
1297,_,好,整体,正面
1298,_,是真品,真伪,正面
1298,_,过敏,使用体验,负面
1299,味道,很好,整体,正面
1299,效果,好,整体,正面
1300,价格,不错,整体,正面
1300,好评,还不错,整体,正面
1301,_,不错,整体,正面
1302,好评,好评,整体,正面
1302,_,好,整体,正面
1303,_,好用,整体,正面
1303,_,好,整体,正面
1304,香味,喜欢,整体,正面
1304,味,淡淡的,气味,正面
1305,_,还可以,整体,正面
1305,_,可以,整体,正面
1306,保湿效果,不错,整体,正面
1306,效果,好,整体,正面
1307,_,很好,整体,正面
1307,_,很好用,整体,正面
1308,价格,好用,整体,正面
1308,效果,好,整体,正面
1309,_,不错,整体,正面
1309,_,还不错,整体,正面
1310,_,不错,整体,正面
1311,活动,真实,功效,正面
1312,价,货真价实,整体,正面
1312,_,放心,整体,正面
1313,价格,不错,整体,正面
1313,价,实惠,价格,正面
1314,活动,好用,整体,正面
1314,活动力度,好,整体,正面
1315,速度,快,物流,正面
1315,送货,好,整体,正面
1316,_,好,整体,正面
1316,_,非常好,整体,正面
1317,物流,很快,物流,正面
1317,包装,快,物流,正面
1318,_,喜欢,整体,正面
1318,_,没,价格,负面
1319,_,很香,气味,正面
1319,_,香,气味,正面
1320,_,不错,整体,正面
1320,_,很不错,整体,正面
1321,_,好,整体,正面
1321,_,挺好,整体,正面
1322,补水效果,不错,整体,正面
1322,补水,可以,整体,正面
1323,味道,很好,整体,正面
1323,味,好,整体,正面
1324,_,不错,整体,正面
1324,_,正,其他,正面
1325,效果,不错,整体,正面
1325,美白效果,很好,整体,正面
1326,效果,可以,整体,正面
1326,_,可以的,整体,正面
1327,产品,不错,整体,正面
1327,_,还不错,整体,正面
1328,_,满意,整体,正面
1329,效果,没有,包装,负面
1329,时间,没,价格,负面
1330,_,不错,整体,正面
1330,_,还不错,整体,正面
1331,快递,不错,整体,正面
1331,隔离,好用,整体,正面
1332,赠品,不错,整体,正面
1332,_,很不错,整体,正面
1333,_,很好,整体,正面
1333,_,好,整体,正面
1334,效果,不错,整体,正面
1334,_,很不错,整体,正面
1335,味道,_,气味,正面
1335,味,_,气味,正面
1336,物流,不错,整体,正面
1336,_,很好,整体,正面
1337,效果,不错,整体,正面
1337,_,还不错,整体,正面
1338,_,实惠,价格,正面
1338,_,很实惠,价格,正面
1339,包装,好,整体,正面
1339,日期,完好,包装,正面
1340,服务,不错,整体,正面
1340,_,很不错,整体,正面
1341,_,好,整体,正面
1341,_,非常好,整体,正面
1342,_,很喜欢,整体,正面
1342,_,喜欢,整体,正面
1343,_,不错,整体,正面
1343,_,没,价格,负面
1344,推开,好用,整体,正面
1344,_,好,整体,正面
1345,浮粉,很好,整体,正面
1345,_,很好用,整体,正面
1346,快递,快,物流,正面
1346,_,超快,物流,正面
1347,包装,好评,整体,正面
1347,好评,好,整体,正面
1348,送货,好用,整体,正面
1348,_,快,物流,正面
1349,_,好,整体,正面
1349,_,喜欢,整体,正面
1350,包装,好,整体,正面
1350,效果,好差,包装,负面
1351,效果,很好,整体,正面
1351,提亮肤色,很好用,整体,正面
1352,_,好,整体,正面
1352,_,干净,功效,正面
1353,护肤,很滋润,使用体验,正面
1353,_,滋润,使用体验,正面
1354,价格,不错,整体,正面
1354,价,合理,价格,正面
1355,卡粉,好用,整体,正面
1355,_,好,整体,正面
1356,赠品,多,成分,正面
1356,_,挺多的,成分,正面
1357,_,不错,整体,正面
1357,_,好用,整体,正面
1358,_,挺好的,整体,正面
1358,_,好,整体,正面
1359,美白,不错,整体,正面
1359,_,很舒服,使用体验,正面
1360,肤色,很自然,功效,正面
1360,_,自然,功效,正面
1361,_,很喜欢,整体,正面
1361,_,喜欢,整体,正面
1362,_,好用,整体,正面
1362,_,好,整体,正面
1363,_,很好,整体,正面
1363,_,很好用,整体,正面
1364,物流,很快,物流,正面
1364,精华,快,物流,正面
1365,_,是正品,真伪,正面
1365,_,正品,真伪,正面
1366,_,正品,真伪,正面
1366,_,正,其他,正面
1367,效果,不错,整体,正面
1367,水,是正品,真伪,正面
1368,卡粉,卡粉,使用体验,负面
1368,_,卡,使用体验,负面
1369,_,好用,整体,正面
1369,_,好,整体,正面
1370,价格,很好,整体,正面
1370,质量,好,整体,正面
1371,_,可以,整体,正面
1371,_,没有,包装,负面
1372,_,满意,整体,正面
1372,_,非常满意,整体,正面
1373,_,很好,整体,正面
1373,_,很好用,整体,正面
1374,_,好用,整体,正面
1374,_,好,整体,正面
1375,补水效果,好,整体,正面
1375,补水,特别好,功效,正面
1376,_,不错,整体,正面
1376,_,好,整体,正面
1377,_,很喜欢,整体,正面
1377,_,喜欢,整体,正面
1378,精华,很好,整体,正面
1378,精华液,很好用,整体,正面
1379,效果,不油腻,使用体验,正面
1379,遮瑕效果,清爽,使用体验,正面
1380,_,不错,整体,正面
1380,_,还不错,整体,正面
1381,效果,好用,整体,正面
1381,美白,好,整体,正面
1382,_,好用,整体,正面
1382,_,好,整体,正面
1383,补水,不错,整体,正面
1383,水,快,物流,正面
1384,补水,不错,整体,正面
1384,水,好用,整体,正面
1385,价格,喜欢,整体,正面
1385,水份,多,成分,正面
1386,粉质,细腻,使用体验,正面
1386,_,很细腻,使用体验,正面
1387,_,油,使用体验,负面
1388,包装,不错,整体,正面
1388,香味,可以,整体,正面
1389,_,很好,整体,正面
1389,_,好,整体,正面
1390,_,很好,整体,正面
1390,_,很好用,整体,正面
1391,补水,补水,功效,正面
1391,效果,多,成分,正面
1392,送货,不错,整体,正面
1392,效果,及时,物流,正面
1393,快递,很好,整体,正面
1393,客服,很快,物流,正面
1394,物流,不错,整体,正面
1394,包装,挺好的,整体,正面
1395,_,好用,整体,正面
1395,_,好,整体,正面
1396,_,没有,包装,负面
1396,_,差评,整体,负面
1397,效果,还可以,整体,正面
1397,遮瑕效果,好,整体,正面
1398,价格,不错,整体,正面
1398,质量,好,整体,正面
1399,包装,没有,包装,负面
1399,_,没,价格,负面
1400,价格,好用,整体,正面
1400,隔离,好,整体,正面
1401,提亮肤色,很好,整体,正面
1401,提亮,很好用,整体,正面
1402,_,很喜欢,整体,正面
1402,_,喜欢,整体,正面
1403,_,不油腻,使用体验,正面
1403,_,清爽,使用体验,正面
1404,效果,可以,整体,正面
1404,_,可以的,整体,正面
1405,价格,不错,整体,正面
1405,价,还不错,整体,正面
1406,吸收,好,整体,正面
1406,_,不好,整体,负面
1407,活动,很快,物流,正面
1407,快递,快,物流,正面
1408,活动,不错,整体,正面
1408,赠品,很不错,整体,正面
1409,_,好用,整体,正面
1409,_,好,整体,正面
1410,水,很好,整体,正面
1410,价,很好用,整体,正面
1411,包装,不错,整体,正面
1411,_,还不错,整体,正面
1412,送货,快,物流,正面
1412,发货,好评,整体,正面
1413,_,不错,整体,正面
1413,_,还不错,整体,正面
1414,包装,没有,包装,负面
1414,日期,假的,真伪,负面
1415,速度,很好,整体,正面
1415,服务,快,物流,正面
1416,质量,不行,包装,负面
1416,面膜纸,白,功效,正面
1417,_,好,整体,正面
1417,_,不好,整体,负面
1418,价格,好用,整体,正面
1418,价,好,整体,正面
1419,吸收,不错,整体,正面
1419,好评,还不错,整体,正面
1420,价格,不错,整体,正面
1420,卡粉,还不错,整体,正面
1421,快递,快,物流,正面
1421,_,好,整体,正面
1422,卸妆,不错,整体,正面
1422,水,还不错,整体,正面
1423,_,喜欢,整体,正面
1423,_,挺喜欢的,整体,正面
1424,香味,淡淡的,气味,正面
1424,泡沫,干净,功效,正面
1425,物流,很快,物流,正面
1425,包装,快,物流,正面
1426,快递,快,物流,正面
1426,快递小哥,白,功效,正面
1427,保湿,很好,整体,正面
1427,_,很喜欢,整体,正面
1428,速度,不错,整体,正面
1428,送货,很快,物流,正面
1429,提亮肤色,不错,整体,正面
1429,提亮,很不错,整体,正面
1430,包装,精美,包装,正面
1430,_,没,价格,负面
1431,_,不错,整体,正面
1432,精华,很多,成分,正面
1432,精华液,多,成分,正面
1433,价格,好用,整体,正面
1433,价,好,整体,正面
1434,大小,很好,整体,正面
1434,_,好,整体,正面
1435,肤色,很好,整体,正面
1435,_,好,整体,正面
1436,_,很好,整体,正面
1436,_,好,整体,正面
1437,_,还行,整体,正面
1437,_,一直用,整体,正面
1438,吸收,好,整体,正面
1438,水,挺好,整体,正面
1439,效果,不错,整体,正面
1439,卸妆,很不错,整体,正面
1440,_,细腻,使用体验,正面
1440,_,很舒适,使用体验,正面
1441,卡粉,好用,整体,正面
1441,_,好,整体,正面
1442,_,好,整体,正面
1442,_,还行,整体,正面
1443,_,还可以,整体,正面
1443,_,可以,整体,正面
1444,补水,便宜,价格,正面
1444,水,补水,功效,正面
1445,质量,不错,整体,正面
1445,量,多,成分,正面
1446,快递,快,物流,正面
1446,_,很多,成分,正面
1447,赠品,快,物流,正面
1447,价,好,整体,正面
1448,送货,很好,整体,正面
1448,好评,很好用,整体,正面
1449,推开,好,整体,正面
1449,_,不好,整体,负面
1450,价格,便宜,价格,正面
1450,价,多,成分,正面
1451,_,不错,整体,正面
1451,_,还不错,整体,正面
1452,_,很小,尺寸,负面
1453,物流,很好,整体,正面
1453,_,好,整体,正面
1454,_,很自然,功效,正面
1454,_,自然,功效,正面
1455,持久度,好用,整体,正面
1455,持久,好,整体,正面
1456,价,不错,整体,正面
1456,_,没,价格,负面
1457,物流,挺好的,整体,正面
1457,_,快,物流,正面
1458,_,不错,整体,正面
1458,_,好用,整体,正面
1459,_,多,成分,正面
1459,_,没,价格,负面
1460,包装,不错,整体,正面
1460,_,好,整体,正面
1461,_,还行,整体,正面
1462,味道,不错,整体,正面
1462,味,一样,气味,正面
1463,_,好用,整体,正面
1463,_,好,整体,正面
1464,隔离,好用,整体,正面
1464,_,好,整体,正面
1465,_,很好,整体,正面
1465,_,好,整体,正面
1466,清洁能力,一般,整体,中性
1466,清洁,清洁,功效,正面
1467,_,是正品,真伪,正面
1467,_,正品,真伪,正面
1468,礼物,很喜欢,整体,正面
1468,_,喜欢,整体,正面
1469,_,好用,整体,正面
1469,_,好,整体,正面
1470,好评,好评,整体,正面
1470,_,好,整体,正面
1471,味道,不错,整体,正面
1471,味,还不错,整体,正面
1472,_,好用,整体,正面
1472,_,好,整体,正面
1473,_,好,整体,正面
1473,_,真的好,功效,正面
1474,肤色,自然,功效,正面
1474,_,新,包装,正面
1475,_,挺好的,整体,正面
1475,_,好,整体,正面
1476,老板,很好,整体,正面
1476,_,好,整体,正面
1477,赠品,还可以,整体,正面
1477,_,可以,整体,正面
1478,味道,好,整体,正面
1478,味,很划算,价格,正面
1479,效果,不错,整体,正面
1480,_,不紧绷,使用体验,正面
1480,_,挺舒服,整体,正面
1481,价格,快,物流,正面
1481,价,还行,整体,正面
1482,卸妆,很好,整体,正面
1482,_,很好用,整体,正面
1483,_,不错,整体,正面
1483,_,不错的,整体,正面
1484,_,还可以,整体,正面
1484,_,可以,整体,正面
1485,_,好用,整体,正面
1485,_,好,整体,正面
1486,价格,挺好的,整体,正面
1486,质量,好,整体,正面
1487,物流,很好,整体,正面
1487,快递,挺好的,整体,正面
1488,粉底,好用,整体,正面
1488,_,好,整体,正面
1489,产品,好,整体,正面
1489,_,一如既往的好,整体,正面
1490,服务,很好,整体,正面
1490,卸妆,好,整体,正面
1491,活动,是正品,真伪,正面
1491,_,很划算,价格,正面
1492,降价,好用,整体,正面
1492,价,好,整体,正面
1493,_,好用,整体,正面
1493,_,好,整体,正面
1494,水,不错,整体,正面
1494,_,很水润,使用体验,正面
1495,_,不错,整体,正面
1495,_,好,整体,正面
1496,_,不错,整体,正面
1496,_,好用,整体,正面
1497,到货,很快,物流,正面
1497,_,快,物流,正面
1498,好评,好用,整体,正面
1498,_,好评,整体,正面
1499,效果,好,整体,正面
1499,_,挺好,整体,正面
1500,量,不错,整体,正面
1500,_,少,使用体验,负面
1501,_,好用,整体,正面
1501,_,好,整体,正面
1502,快递,好用,整体,正面
1502,服务,快,物流,正面
1503,_,不错,整体,正面
1503,_,还不错,整体,正面
1504,_,不错,整体,正面
1504,_,很喜欢,整体,正面
1505,_,很好,整体,正面
1505,_,很好用,整体,正面
1506,_,好,整体,正面
1506,_,非常好,整体,正面
1507,价格,不错,整体,正面
1507,补水效果,快,物流,正面
1508,快递,快,物流,正面
1508,优惠力度,好,整体,正面
1509,价格,物有所值,整体,正面
1509,价,有点小贵,价格,负面
1510,补水,很好,整体,正面
1510,清洁,很好用,整体,正面
1511,价格,很好,整体,正面
1511,隔离,很好用,整体,正面
1512,保湿,一般,整体,中性
1512,水,保湿,功效,正面
1513,价格,实惠,价格,正面
1513,活动,优惠,价格,正面
1514,保湿效果,快,物流,正面
1514,速度,好,整体,正面
1515,遮瑕,不错,整体,正面
1515,_,还不错,整体,正面
1516,活动,好,整体,正面
1516,_,划算,价格,正面
1517,味道,很好,整体,正面
1517,味,好,整体,正面
1518,清洁能力,清洁,功效,正面
1518,清洁,舒服,使用体验,正面
1519,_,好用,整体,正面
1519,_,好,整体,正面
1520,味道,很好,整体,正面
1520,清洁能力,好用,整体,正面
1521,味道,好,整体,正面
1521,味,喜欢,整体,正面
1522,到货,好,整体,正面
1522,_,非常好,整体,正面
1523,_,不错,整体,正面
1523,_,很自然,功效,正面
1524,活动,不错,整体,正面
1524,水,很好,整体,正面
1525,_,好,整体,正面
1525,_,是正品,真伪,正面
1526,活动,不错,整体,正面
1526,质量,不错的,整体,正面
1527,产品,好用,整体,正面
1527,_,好,整体,正面
1528,价格,很好,整体,正面
1528,活动,很好用,整体,正面
1529,效果,不错,整体,正面
1530,_,不错,整体,正面
1530,_,很喜欢,整体,正面
1531,物流,不错,整体,正面
1531,_,很好,整体,正面
1532,_,很少,使用体验,负面
1532,_,少,使用体验,负面
1533,精华,挺好的,整体,正面
1533,精华液,好,整体,正面
1534,_,还可以,整体,正面
1534,_,可以,整体,正面
1535,包装,好,整体,正面
1535,_,多,成分,正面
1536,_,不错,整体,正面
1536,_,很喜欢,整体,正面
1537,效果,还可以,整体,正面
1537,成分,可以,整体,正面
1538,_,好用,整体,正面
1538,_,好,整体,正面
1539,_,满意,整体,正面
1539,_,很自然,功效,正面
1540,快递,很快,物流,正面
1540,送货,快,物流,正面
1541,味道,不错,整体,正面
1541,味,很好,整体,正面
1542,_,不错,整体,正面
1542,_,给力,物流,正面
1543,_,_,_,_
1544,_,快,物流,正面
1544,_,好,整体,正面
1545,价格,不错,整体,正面
1545,价,实惠,价格,正面
1546,粉扑,还可以,整体,正面
1546,_,可以,整体,正面
1547,价,物美价廉,价格,正面
1547,_,廉,价格,正面
1548,价,不错,整体,正面
1548,_,物美价廉,价格,正面
1549,物流,很快,物流,正面
1549,卸妆,快,物流,正面
1550,_,好用,整体,正面
1550,_,好,整体,正面
1551,质量,不错,整体,正面
1551,量,划算,价格,正面
1552,提亮肤色,好用,整体,正面
1552,提亮,好,整体,正面
1553,隔离,不错,整体,正面
1553,_,隔离,功效,正面
1554,质量,不错,整体,正面
1554,量,_,其他,正面
1555,_,挺好的,整体,正面
1555,_,好,整体,正面
1556,_,不错,整体,正面
1556,_,不错哦,整体,正面
1557,_,还可以,整体,正面
1557,_,可以,整体,正面
1558,_,还可以,整体,正面
1558,_,便宜,价格,正面
1559,洁面,温和,使用体验,正面
1559,_,温和的,使用体验,正面
1560,价格,不错,整体,正面
1560,保湿,还不错,整体,正面
1561,_,好用,整体,正面
1561,_,很喜欢,整体,正面
1562,产品,不错,整体,正面
1562,_,一直用,整体,正面
1563,隔离,好,整体,正面
1563,_,非常好,整体,正面
1564,速度,很快,物流,正面
1564,配送,快,物流,正面
1565,_,不错,整体,正面
1565,_,还不错,整体,正面
1566,_,不错,整体,正面
1566,_,好,整体,正面
1567,上妆,很好,整体,正面
1567,隔离,好,整体,正面
1568,包装,不错,整体,正面
1568,服务,快,物流,正面
1569,到货,好用,整体,正面
1569,_,好,整体,正面
1570,好评,好评,整体,正面
1570,_,好,整体,正面
1571,物流,快,物流,正面
1571,质量,好,整体,正面
1572,味道,不错,整体,正面
1572,味,很喜欢,整体,正面
1573,_,不错,整体,正面
1573,_,挺不错的,整体,正面
1574,_,好,整体,正面
1574,_,特别好,功效,正面
1575,_,辣眼睛,使用体验,负面
1576,快递,不错,整体,正面
1576,速度,快,物流,正面
1577,补水,好,整体,正面
1577,水,补水,功效,正面
1578,效果,好,整体,正面
1578,_,不好,整体,负面
1579,_,不错,整体,正面
1579,_,很不错,整体,正面
1580,赠品,还可以,整体,正面
1580,_,是正品,真伪,正面
1581,_,不错,整体,正面
1581,_,还不错,整体,正面
1582,补水,保湿,功效,正面
1582,保湿,补水,功效,正面
1583,_,好,整体,正面
1583,_,非常好,整体,正面
1584,_,不错,整体,正面
1584,_,还不错,整体,正面
1585,效果,不错,整体,正面
1585,隔离,非常不错,整体,正面
1586,商家,好,整体,正面
1586,_,实惠,价格,正面
1587,效果,不错,整体,正面
1587,水,挺好的,整体,正面
1588,质量,好用,整体,正面
1588,量,好,整体,正面
1589,效果,非常棒,整体,正面
1589,_,嫩嫩的,使用体验,正面
1590,气味,很好,整体,正面
1590,味,好,整体,正面
1591,_,还可以,整体,正面
1591,_,可以,整体,正面
1592,价格,很喜欢,整体,正面
1592,味道,喜欢,整体,正面
1593,保湿,还行,整体,正面
1593,产品,一般,整体,中性
1594,卸妆,满意,整体,正面
1594,_,干净,功效,正面
1595,_,还可以,整体,正面
1595,_,可以,整体,正面
1596,补水,好用,整体,正面
1596,水,好,整体,正面
1597,质量,多,成分,正面
1597,量,挺多的,成分,正面
1598,_,挺好的,整体,正面
1598,_,好,整体,正面
1599,精华,多,成分,正面
1599,精华液,没有,包装,负面
1600,价格,很温和,使用体验,正面
1600,价,温和,使用体验,正面
1601,价格,还行,整体,正面
1601,效果,多,成分,正面
1602,价格,便宜,价格,正面
1602,性价比,一般,整体,中性
1603,效果,不错,整体,正面
1603,遮瑕效果,好,整体,正面
1604,物流,快,物流,正面
1604,价格,便宜,价格,正面
1605,香味,好,整体,正面
1605,遮瑕,非常好,整体,正面
1606,效果,好用,整体,正面
1606,提亮,好,整体,正面
1607,香味,好,整体,正面
1607,味,还行,整体,正面
1608,快递,很快,物流,正面
1608,价,快,物流,正面
1609,痘痘,_,使用体验,正面
1610,_,可以,整体,正面
1610,_,滋润,使用体验,正面
1611,_,很好,整体,正面
1611,_,很好用,整体,正面
1612,设计,好,整体,正面
1612,外壳,不好,整体,负面
1613,水,不错,整体,正面
1613,_,还不错,整体,正面
1614,_,喜欢,整体,正面
1614,_,挺喜欢,整体,正面
1615,_,不错,整体,正面
1615,_,真心不错,整体,正面
1616,卖家,好,整体,正面
1616,_,滋润,使用体验,正面
1617,清香,不错,整体,正面
1617,_,很多,成分,正面
1618,效果,很水润,使用体验,正面
1618,隔离效果,水润,使用体验,正面
1619,商家,不错,整体,正面
1619,价,感觉不错,整体,正面
1620,量,不错,整体,正面
1620,设计,很不错,整体,正面
1621,商家,很好,整体,正面
1621,_,好,整体,正面
1622,_,还可以,整体,正面
1622,_,好,整体,正面
1623,颜色,喜欢,整体,正面
1623,_,很自然,功效,正面
1624,持久,挺舒服,整体,正面
1624,_,持久,使用体验,正面
1625,_,不错,整体,正面
1625,_,还不错,整体,正面
1626,效果,好,整体,正面
1626,_,多,成分,正面
1627,_,很好,整体,正面
1627,_,很好用,整体,正面
1628,清洁能力,一般,整体,中性
1628,清洁,一般般,整体,中性
1629,_,很好,整体,正面
1629,_,好,整体,正面
1630,水,假的,真伪,负面
1630,_,一样,气味,正面
1631,物流,好用,整体,正面
1631,包装,好,整体,正面
1632,_,棒棒哒,整体,正面
1632,_,物超所值,整体,正面
1633,_,很好,整体,正面
1633,_,很好用,整体,正面
1634,_,好用,整体,正面
1634,_,好,整体,正面
1635,物流,好用,整体,正面
1635,活动,好,整体,正面
1636,颜色,喜欢,整体,正面
1636,_,不喜欢,整体,负面
1637,性价比,很好,整体,正面
1637,性价,好,整体,正面
1638,_,好用,整体,正面
1638,_,好,整体,正面
1639,物流,快,物流,正面
1639,质量,超快,物流,正面
1640,物流,不错,整体,正面
1640,效果,很快,物流,正面
1641,_,喜欢,整体,正面
1641,_,非常喜欢,整体,正面
1642,_,便宜,价格,正面
1642,_,很划算,价格,正面
1643,_,好用,整体,正面
1643,_,好,整体,正面
1644,补水,补水,功效,正面
1644,水,棒,物流,正面
1645,卡粉,好用,整体,正面
1645,_,好,整体,正面
1646,物流,快,物流,正面
1646,包装,好,整体,正面
1647,颜色,很好,整体,正面
1647,_,好,整体,正面
1648,物流,快,物流,正面
1648,价,挺快的,物流,正面
1649,礼物,划算,价格,正面
1649,_,没,价格,负面
1650,_,不错,整体,正面
1650,_,好用,整体,正面
1651,卡粉,不卡粉,使用体验,正面
1651,_,很适合,整体,正面
1652,_,很喜欢,整体,正面
1652,_,好,整体,正面
1653,味道,好用,整体,正面
1653,味,好,整体,正面
1654,价格,很好,整体,正面
1654,性价比,很好用,整体,正面
1655,痘痘,很温和,使用体验,正面
1655,_,温和,使用体验,正面
1656,_,很好,整体,正面
1656,_,很好用,整体,正面
1657,_,不错,整体,正面
1657,_,很好,整体,正面
1658,_,不错,整体,正面
1658,_,喜欢,整体,正面
1659,护肤,好用,整体,正面
1659,_,好,整体,正面
1660,_,好用,整体,正面
1660,_,好,整体,正面
1661,价格,还可以,整体,正面
1661,活动,实惠,价格,正面
1662,补水效果,补水,功效,正面
1662,补水,很棒,整体,正面
1663,价格,不错,整体,正面
1663,价,便宜,价格,正面
1664,客服,好,整体,正面
1664,售后,白,功效,正面
1665,产品,好用,整体,正面
1665,_,好,整体,正面
1666,味道,不错,整体,正面
1666,保湿,很好,整体,正面
1667,保湿,不错,整体,正面
1667,_,保湿,功效,正面
1668,价格,实惠,价格,正面
1668,价,少,使用体验,负面
1669,_,不错,整体,正面
1669,_,喜欢,整体,正面
1670,快递,快,物流,正面
1670,气味,很给力,物流,正面
1671,_,不错,整体,正面
1671,_,不油腻,使用体验,正面
1672,效果,不错,整体,正面
1672,遮瑕效果,还不错,整体,正面
1673,_,不怎么样,整体,负面
1673,_,不怎么白,功效,负面
1674,味道,好用,整体,正面
1674,酒精味,好,整体,正面
1675,补水效果,很好,整体,正面
1675,补水,好,整体,正面
1676,_,_,_,_
1677,物流,不错,整体,正面
1677,服务,很好,整体,正面
1678,活动,好用,整体,正面
1678,性价比,好,整体,正面
1679,盒子,不错,整体,正面
1679,粉扑,好,整体,正面
1680,价,好,整体,正面
1680,_,物美价廉,价格,正面
1681,价格,不错,整体,正面
1681,活动,优惠,价格,正面
1682,包装,不错,整体,正面
1682,速度,很快,物流,正面
1683,活动,补水,功效,正面
1683,补水,比较补水,功效,正面
1684,补水效果,很好,整体,正面
1684,补水,好,整体,正面
1685,量,不错,整体,正面
1685,_,很好,整体,正面
1686,_,满意,整体,正面
1686,_,特别满意,整体,正面
1687,效果,很好,整体,正面
1687,_,好,整体,正面
1688,隔离,好用,整体,正面
1688,_,好,整体,正面
1689,包装,挺好的,整体,正面
1689,新包装,好,整体,正面
1690,质量,很好,整体,正面
1690,量,很好用,整体,正面
1691,补水,不错,整体,正面
1691,水,补水,功效,正面
1692,_,不错,整体,正面
1692,_,还不错,整体,正面
1693,客服,很多,成分,正面
1693,_,多,成分,正面
1694,包装,不错,整体,正面
1694,_,好用,整体,正面
1695,速度,没,价格,负面
1695,_,压扁了,包装,负面
1696,活动,自然,功效,正面
1696,_,服帖,使用体验,正面
1697,物流,好用,整体,正面
1697,好评,很快,物流,正面
1698,补水效果,好用,整体,正面
1698,补水,好,整体,正面
1699,质量,一样,气味,正面
1699,量,没,价格,负面
1700,_,不错,整体,正面
1700,_,很自然,功效,正面
1701,产品,喜欢,整体,正面
1701,_,挺喜欢,整体,正面
1702,_,好,整体,正面
1702,_,不贵,价格,正面
1703,补水,补水,功效,正面
1703,水,棒棒的,整体,正面
1704,补水,不错,整体,正面
1704,保湿,很好,整体,正面
1705,价格,很好,整体,正面
1705,价,好,整体,正面
1706,_,很好,整体,正面
1706,_,好,整体,正面
1707,活动,可以,整体,正面
1707,价钱,物有所值,整体,正面
1708,快递,好用,整体,正面
1708,_,快,物流,正面
1709,快递,不错,整体,正面
1709,效果,快,物流,正面
1710,_,不错,整体,正面
1710,_,还不错,整体,正面
1711,_,好用,整体,正面
1711,_,好,整体,正面
1712,包装,很好,整体,正面
1712,快递,还可以,整体,正面
1713,_,很好,整体,正面
1713,_,很好用,整体,正面
1714,到货,很快,物流,正面
1714,_,快,物流,正面
1715,卸妆,好用,整体,正面
1715,_,好,整体,正面
1716,_,很喜欢,整体,正面
1716,_,喜欢,整体,正面
1717,_,好用,整体,正面
1717,_,好,整体,正面
1718,_,好,整体,正面
1719,快递,快,物流,正面
1719,快递小哥,很准时,物流,正面
1720,_,好用,整体,正面
1720,_,好,整体,正面
1721,好评,快,物流,正面
1721,_,好评,整体,正面
1722,效果,很好,整体,正面
1722,礼品,很好用,整体,正面
1723,_,实惠,价格,正面
1723,_,很实惠,价格,正面
1724,_,不错,整体,正面
1724,_,很满意,整体,正面
1725,颜色,很自然,功效,正面
1725,_,自然,功效,正面
1726,价格,大,价格,正面
1726,服务,_,服务,正面
1727,好评,好用,整体,正面
1727,_,好评,整体,正面
1728,物流,不错,整体,正面
1728,服务,很好,整体,正面
1729,泡沫,好用,整体,正面
1729,清洁能力,好,整体,正面
1730,_,不错,整体,正面
1730,_,很不错,整体,正面
1731,_,不错,整体,正面
1731,_,还不错,整体,正面
1732,价格,是正品,真伪,正面
1732,价,正品,真伪,正面
1733,补水,很多,成分,正面
1733,精华,补水,功效,正面
1734,_,不错,整体,正面
1734,_,一样,气味,正面
1735,隔离,不错,整体,正面
1735,_,很不错,整体,正面
1736,物流,好用,整体,正面
1736,_,很快,物流,正面
1737,防晒,好,整体,正面
1738,物流,很好,整体,正面
1738,价格,很快,物流,正面
1739,快递,快,物流,正面
1739,_,好,整体,正面
1740,_,好,整体,正面
1740,_,非常好,整体,正面
1741,补水效果,不错,整体,正面
1741,补水,很好,整体,正面
1742,物流,不错,整体,正面
1742,价格,快,物流,正面
1743,遮暇,还可以,整体,正面
1743,_,可以,整体,正面
1744,_,好,整体,正面
1744,_,美美哒,整体,正面
1745,隔离,好用,整体,正面
1745,_,好,整体,正面
1746,_,好,整体,正面
1746,_,挺好,整体,正面
1747,效果,很好,整体,正面
1747,_,好,整体,正面
1748,卸妆,很好,整体,正面
1748,_,很好用,整体,正面
1749,_,好,整体,正面
1749,_,挺好,整体,正面
1750,_,不错,整体,正面
1750,_,还不错,整体,正面
1751,粉扑,卡,使用体验,负面
1752,盒子,好,整体,正面
1752,_,挺好,整体,正面
1753,味道,很好,整体,正面
1753,味,好用,整体,正面
1754,_,好,整体,正面
1754,_,便宜,价格,正面
1755,效果,挺好的,整体,正面
1755,价,好,整体,正面
1756,_,喜欢,整体,正面
1756,_,不怎么样,整体,负面
1757,水,很好,整体,正面
1757,_,很好用,整体,正面
1758,_,很喜欢,整体,正面
1758,_,好,整体,正面
1759,保湿,还可以,整体,正面
1759,_,好,整体,正面
1760,客服,高,价格,正面
1760,日期,_,新鲜度,负面
1761,质量,不错,整体,正面
1761,量,很好,整体,正面
1762,_,可以,整体,正面
1762,_,很干,使用体验,负面
1763,_,好,整体,正面
1763,_,挺好,整体,正面
1764,_,很香,气味,正面
1764,_,太干,使用体验,负面
1765,_,不错,整体,正面
1765,_,还不错,整体,正面
1766,_,不错,整体,正面
1766,_,还可以,整体,正面
1767,质量,挺好的,整体,正面
1767,量,好,整体,正面
1768,物流,很喜欢,整体,正面
1768,_,喜欢,整体,正面
1769,物流,快,物流,正面
1769,_,好,整体,正面
1770,包装,很多,成分,正面
1770,_,多,成分,正面
1771,价格,很快,物流,正面
1771,赠品,快,物流,正面
1772,_,很好,整体,正面
1772,_,很快,物流,正面
1773,效果,好,整体,正面
1773,清洁能力,可以,整体,正面
1774,补水效果,很好,整体,正面
1774,补水,好,整体,正面
1775,泡沫,好,整体,正面
1775,_,挺好,整体,正面
1776,_,还行,整体,正面
1776,_,过敏了,使用体验,负面
1777,补水效果,很好,整体,正面
1777,补水,好,整体,正面
1778,效果,挺好的,整体,正面
1778,防晒效果,快,物流,正面
1779,包装,不错,整体,正面
1779,_,实惠,价格,正面
1780,包装,快,物流,正面
1780,速度,好评,整体,正面
1781,_,很好,整体,正面
1781,_,好,整体,正面
1782,_,喜欢,整体,正面
1782,_,多,成分,正面
1783,补水,很好,整体,正面
1783,水,好,整体,正面
1784,速度,很快,物流,正面
1784,送货,快,物流,正面
1785,_,不错,整体,正面
1785,_,很喜欢,整体,正面
1786,活动,很好,整体,正面
1786,速度,很好用,整体,正面
1787,快递,很好,整体,正面
1787,服务,快,物流,正面
1788,补水,好用,整体,正面
1788,精华,好,整体,正面
1789,物流,不错,整体,正面
1789,质量,快,物流,正面
1790,_,很好,整体,正面
1790,_,好,整体,正面
1791,包装,可以,整体,正面
1791,_,没,价格,负面
1792,肤色,自然,功效,正面
1792,水,水润,使用体验,正面
1793,隔离,喜欢,整体,正面
1793,日期,没,价格,负面
1794,物流,好用,整体,正面
1794,_,很快,物流,正面
1795,_,便宜,价格,正面
1795,_,没,价格,负面
1796,_,好,整体,正面
1796,_,痒,使用体验,负面
1797,_,很好,整体,正面
1797,_,好,整体,正面
1798,快递,很快,物流,正面
1798,补水,快,物流,正面
1799,_,好用,整体,正面
1799,_,好,整体,正面
1800,质量,不错,整体,正面
1800,量,非常不错,整体,正面
1801,水,没有,包装,负面
1801,价,水水嫩嫩的,使用体验,正面
1802,活动,赞,整体,正面
1802,优惠券,优惠,价格,正面
1803,水,很好,整体,正面
1803,_,很好用,整体,正面
1804,赠品,不错,整体,正面
1804,质量,_,其他,正面
1805,_,一点点,尺寸,负面
1806,物流,不错,整体,正面
1806,_,快,物流,正面
1807,水,好用,整体,正面
1807,_,好,整体,正面
1808,包装,好用,整体,正面
1808,_,好,整体,正面
1809,隔离,不错,整体,正面
1809,_,好,整体,正面
1810,_,是正品,真伪,正面
1810,_,正品,真伪,正面
1811,_,很好,整体,正面
1811,_,很好用,整体,正面
1812,_,好用,整体,正面
1812,_,好,整体,正面
1813,效果,不错,整体,正面
1813,_,一直用,整体,正面
1814,隔离,很好,整体,正面
1814,好评,很好用,整体,正面
1815,好评,很喜欢,整体,正面
1815,_,好评,整体,正面
1816,香味,不错,整体,正面
1816,味,淡淡的,气味,正面
1817,礼物,喜欢,整体,正面
1817,水,实惠,价格,正面
1818,赠品,好用,整体,正面
1818,效果,好,整体,正面
1819,颜色,不错,整体,正面
1819,_,很正,功效,正面
1820,发货,不错,整体,正面
1820,_,快,物流,正面
1821,价,好用,整体,正面
1821,_,好,整体,正面
1822,客服,不错,整体,正面
1822,质量,很好,整体,正面
1823,效果,没有,包装,负面
1823,_,没,价格,负面
1824,量,还可以,整体,正面
1824,_,可以,整体,正面
1825,包装,简陋,包装,负面
1825,_,太简陋,包装,负面
1826,_,一般,整体,中性
1826,_,差评,整体,负面
1827,发货,好用,整体,正面
1827,礼物,快,物流,正面
1828,卸妆,干净,功效,正面
1828,_,挺干净,功效,正面
1829,_,不错,整体,正面
1829,_,还不错,整体,正面
1830,_,好用,整体,正面
1830,_,好,整体,正面
1831,_,不错,整体,正面
1831,_,赞,整体,正面
1832,_,好用,整体,正面
1832,_,好,整体,正面
1833,活动,_,价格,正面
1833,礼物,_,价格,正面
1834,快递,不错,整体,正面
1834,_,还不错,整体,正面
1835,_,好用,整体,正面
1835,_,好,整体,正面
1836,补水效果,不错,整体,正面
1836,补水,补水,功效,正面
1837,价,不错,整体,正面
1837,_,好,整体,正面
1838,产品,_,整体,正面
1839,礼品,不错,整体,正面
1839,小礼品,很多,成分,正面
1840,保湿,很好,整体,正面
1840,_,挺好的,整体,正面
1841,保湿,很好,整体,正面
1841,_,好,整体,正面
1842,_,不错,整体,正面
1842,_,还不错,整体,正面
1843,_,好,整体,正面
1843,_,多,成分,正面
1844,速度,很快,物流,正面
1844,_,快,物流,正面
1845,精华,不错,整体,正面
1845,_,还不错,整体,正面
1846,_,不错,整体,正面
1846,_,一样,气味,正面
1847,_,好用,整体,正面
1847,_,好,整体,正面
1848,效果,好评,整体,正面
1848,卸妆,好,整体,正面
1849,_,好,整体,正面
1849,_,不好,整体,负面
1850,_,不错,整体,正面
1850,_,好,整体,正面
1851,_,好用,整体,正面
1851,_,好,整体,正面
1852,物流,很快,物流,正面
1852,速度,快,物流,正面
1853,肤色,不错,整体,正面
1853,_,好,整体,正面
1854,粉质,重,气味,负面
1855,_,不油腻,使用体验,正面
1855,_,清爽,使用体验,正面
1856,活动,好,整体,正面
1856,_,划算,价格,正面
1857,效果,美白,功效,正面
1857,美白效果,一直在用,整体,正面
1858,_,好,整体,正面
1859,好评,不错,整体,正面
1859,_,好评,整体,正面
1860,_,很好,整体,正面
1860,_,很好用,整体,正面
1861,快递,不错,整体,正面
1861,快递小哥,很好,整体,正面
1862,卸妆,不刺激,使用体验,正面
1862,_,很干净,功效,正面
1863,物流,很快,物流,正面
1863,_,快,物流,正面
1864,物流,很好,整体,正面
1864,_,快,物流,正面
1865,隔离,不错,整体,正面
1865,粉质,还不错,整体,正面
1866,清洁,好,整体,正面
1866,_,可以,整体,正面
1867,赠品,挺好的,整体,正面
1867,_,好,整体,正面
1868,效果,不错,整体,正面
1868,增白效果,很不错,整体,正面
1869,_,不错,整体,正面
1869,_,好用,整体,正面
1870,价格,很好,整体,正面
1870,送货,快,物流,正面
1871,_,很适合,整体,正面
1871,_,有点油,使用体验,负面
1872,效果,没,价格,负面
1872,_,没用,整体,负面
1873,遮瑕,很好,整体,正面
1873,_,好,整体,正面
1874,_,好用,整体,正面
1874,_,好,整体,正面
1875,_,满意,整体,正面
1875,_,非常满意,整体,正面
1876,活动,很划算,价格,正面
1876,_,划算,价格,正面
1877,_,重,气味,负面
1878,_,很好,整体,正面
1878,_,很好用,整体,正面
1879,_,很好,整体,正面
1879,_,很快,物流,正面
1880,粉质,细腻,使用体验,正面
1880,_,服帖,使用体验,正面
1881,补水效果,可以,整体,正面
1881,补水,滑滑的,使用体验,正面
1882,_,好用,整体,正面
1882,_,好,整体,正面
1883,速度,快,物流,正面
1883,_,实惠,价格,正面
1884,_,不错,整体,正面
1884,_,应该不错,整体,正面
1885,礼物,很喜欢,整体,正面
1885,_,喜欢,整体,正面
1886,_,不错,整体,正面
1886,_,很自然,功效,正面
1887,发货,好用,整体,正面
1887,礼物,快,物流,正面
1888,隔离,不错,整体,正面
1888,_,一直用,整体,正面
1889,_,喜欢,整体,正面
1889,_,大,价格,正面
1890,_,不错,整体,正面
1890,_,还不错,整体,正面
1891,价格,不错,整体,正面
1891,活动,还不错,整体,正面
1892,_,不错,整体,正面
1892,_,还不错,整体,正面
1893,_,好用,整体,正面
1893,_,好,整体,正面
1894,包装,很好,整体,正面
1894,效果,很快,物流,正面
1895,补水,好,整体,正面
1895,水,非常好,整体,正面
1896,到货,很好,整体,正面
1896,_,好,整体,正面
1897,_,不紧绷,使用体验,正面
1898,服务,好,整体,正面
1898,服务态度,不好,整体,负面
1899,物流,好,整体,正面
1899,_,喜欢,整体,正面
1900,价,不错,整体,正面
1901,_,还可以,整体,正面
1901,_,实惠,价格,正面
1902,_,不错,整体,正面
1902,_,挺不错的,整体,正面
1903,味道,不错,整体,正面
1903,速度,快,物流,正面
1904,时间,还可以,整体,正面
1904,_,可以,整体,正面
1905,包装,很好,整体,正面
1905,泡沫,好,整体,正面
1906,妆感,好,整体,正面
1906,_,喜欢,整体,正面
1907,_,好用,整体,正面
1907,_,好,整体,正面
1908,活动,划算,价格,正面
1908,_,放心,整体,正面
1909,卸妆,滋润,使用体验,正面
1909,水,没有,包装,负面
1910,颜色,不错,整体,正面
1910,降价,自然,功效,正面
1911,补水效果,好评,整体,正面
1911,补水,好,整体,正面
1912,_,挺好的,整体,正面
1912,_,好,整体,正面
1913,包装,没有,包装,负面
1913,价,少,使用体验,负面
1914,颜色,不错,整体,正面
1914,_,喜欢,整体,正面
1915,味道,不错,整体,正面
1915,效果,好,整体,正面
1916,_,不错,整体,正面
1916,_,很喜欢,整体,正面
1917,效果,不错,整体,正面
1917,产品,容易上装,使用体验,正面
1918,速度,很快,物流,正面
1918,送货,快,物流,正面
1919,_,好用,整体,正面
1919,_,好,整体,正面
1920,精华,喜欢,整体,正面
1920,_,很服帖,使用体验,正面
1921,赠品,不错,整体,正面
1921,到货,物美价廉,价格,正面
1922,_,不错,整体,正面
1922,_,快,物流,正面
1923,_,很满意,整体,正面
1923,_,满意,整体,正面
1924,_,没有,包装,负面
1924,_,没,价格,负面
1925,水,水润,使用体验,正面
1925,价,挺水润的,使用体验,正面
1926,_,好用,整体,正面
1926,_,好,整体,正面
1927,价格,喜欢,整体,正面
1927,价,实惠,价格,正面
1928,_,还可以,整体,正面
1928,_,可以,整体,正面
1929,价格,很好,整体,正面
1929,服务,好,整体,正面
1930,_,好用,整体,正面
1930,_,好,整体,正面
1931,护肤,很喜欢,整体,正面
1931,_,喜欢,整体,正面
1932,产品,挺好的,整体,正面
1932,_,好,整体,正面
1933,好评,好评,整体,正面
1933,价,好,整体,正面
1934,补水,还可以,整体,正面
1934,水,好,整体,正面
1935,产品,很舒服,使用体验,正面
1935,_,划算,价格,正面
1936,精华,一般,整体,中性
1936,_,少,使用体验,负面
1937,_,不错,整体,正面
1937,_,还不错,整体,正面
1938,_,不错,整体,正面
1938,_,没有,包装,负面
1939,_,不错,整体,正面
1939,_,很不错,整体,正面
1940,_,很喜欢,整体,正面
1940,_,喜欢,整体,正面
1941,水,不错,整体,正面
1941,_,润,使用体验,正面
1942,活动,好,整体,正面
1942,精华,润润的,使用体验,正面
1943,活动,非常棒,整体,正面
1943,_,棒,物流,正面
1944,好评,好评,整体,正面
1944,_,好,整体,正面
1945,包装,好,整体,正面
1945,价,是正品,真伪,正面
1946,_,好用,整体,正面
1946,_,好,整体,正面
1947,_,红肿,使用体验,负面
1948,_,很划算,价格,正面
1948,_,很舒服,使用体验,正面
1949,_,一般,整体,中性
1949,_,一般般,整体,中性
1950,包装,不错,整体,正面
1950,效果,精美,包装,正面
1951,保湿效果,不错,整体,正面
1951,效果,还行,整体,正面
1952,泡沫,细腻,使用体验,正面
1952,_,丰富,使用体验,正面
1953,价格,不错,整体,正面
1953,价,还不错,整体,正面
1954,赠品,好,整体,正面
1954,_,多,成分,正面
1955,水,很喜欢,整体,正面
1955,_,喜欢,整体,正面
1956,_,很好,整体,正面
1956,_,很好用,整体,正面
1957,_,很好,整体,正面
1957,_,好,整体,正面
1958,香味,好,整体,正面
1958,效果,不油腻,使用体验,正面
1959,保湿效果,不错,整体,正面
1959,速度,很好,整体,正面
1960,保湿,好用,整体,正面
1960,_,好,整体,正面
1961,物流,快,物流,正面
1961,包装,一般,整体,中性
1962,包装,很好,整体,正面
1962,快递,快,物流,正面
1963,好评,好评,整体,正面
1963,_,好,整体,正面
1964,赠品,不错,整体,正面
1964,_,好用,整体,正面
1965,_,不错,整体,正面
1965,_,还不错,整体,正面
1966,包装,快,物流,正面
1966,快递,真快,物流,正面
1967,_,满意,整体,正面
1967,_,非常满意,整体,正面
1968,到货,方便,使用体验,正面
1968,_,比较方便,使用体验,正面
1969,_,好用,整体,正面
1969,_,好,整体,正面
1970,_,挺好的,整体,正面
1970,_,好,整体,正面
1971,优惠力度,很好,整体,正面
1971,护肤,很好用,整体,正面
1972,物流,快,物流,正面
1972,效果,好,整体,正面
1973,_,清爽,使用体验,正面
1973,_,爽,整体,正面
1974,_,垃圾,整体,负面
1974,_,不会差,整体,正面
1975,味道,不错,整体,正面
1975,效果,很不错,整体,正面
1976,_,好用,整体,正面
1976,_,好,整体,正面
1977,_,不错,整体,正面
1977,_,没,价格,负面
1978,味道,还行,整体,正面
1978,味,适合,整体,正面
1979,速度,很快,物流,正面
1979,效果,快,物流,正面
1980,活动,不错,整体,正面
1980,赠品,快,物流,正面
1981,味道,不错,整体,正面
1981,隔离,很不错,整体,正面
1982,速度,好用,整体,正面
1982,卸妆,很快,物流,正面
1983,价格,还可以,整体,正面
1983,好评,好评,整体,正面
1984,_,是正品,真伪,正面
1984,_,正品,真伪,正面
1985,补水,划算,价格,正面
1985,水,补水,功效,正面
1986,赠品,不错,整体,正面
1986,效果,挺好的,整体,正面
1987,活动,不错,整体,正面
1987,隔离,还不错,整体,正面
1988,_,很滑,使用体验,正面
1988,_,真的,真伪,正面
1989,_,挺好的,整体,正面
1989,_,好,整体,正面
1990,价格,好用,整体,正面
1990,价,好,整体,正面
1991,_,很好,整体,正面
1991,_,很好用,整体,正面
1992,_,好用,整体,正面
1992,_,好,整体,正面
1993,性价比,高,价格,正面
1993,提亮,提亮,功效,正面
1994,_,很适合,整体,正面
1994,_,油,使用体验,负面
1995,味道,好,整体,正面
1995,味,还行,整体,正面
1996,遮瑕,很滋润,使用体验,正面
1996,隔离,不干,使用体验,正面
1997,_,喜欢,整体,正面
1997,_,不刺激,使用体验,正面
1998,味道,是正品,真伪,正面
1998,香味,正品,真伪,正面
1999,_,好,整体,正面
1999,_,大,价格,正面
2000,_,好用,整体,正面
2000,_,好,整体,正面
2001,物流,好,整体,正面
2001,_,还行,整体,正面
2002,_,不错,整体,正面
2002,_,挺不错的,整体,正面
2003,颜色,好,整体,正面
2003,外壳,非常好,整体,正面
2004,_,好,整体,正面
2005,_,挺好的,整体,正面
2005,_,好,整体,正面
2006,_,不刺激,使用体验,正面
2006,_,油,使用体验,负面
2007,保湿效果,很好,整体,正面
2007,效果,好用,整体,正面
2008,_,_,_,_
2009,价格,好,整体,正面
2009,质量,一般,整体,中性
2010,_,好用,整体,正面
2010,_,好,整体,正面
2011,补水效果,不错,整体,正面
2011,补水,补水,功效,正面
2012,卸妆,好,整体,正面
2012,设计,很温和,使用体验,正面
2013,_,不错,整体,正面
2013,_,没,价格,负面
2014,_,挺好的,整体,正面
2014,_,好,整体,正面
2015,水,_,成分,正面
2016,_,干净,功效,正面
2016,_,值得推荐,整体,正面
2017,效果,好,整体,正面
2017,隔离效果,滋润,使用体验,正面
2018,补水,好评,整体,正面
2018,保湿,好,整体,正面
2019,客服,好,整体,正面
2019,态度,不好,整体,负面
2020,_,不错,整体,正面
2020,_,一直用,整体,正面
2021,味道,不过敏,使用体验,正面
2021,泡沫,过敏,使用体验,负面
2022,_,不错,整体,正面
2022,_,还不错,整体,正面
2023,_,很好,整体,正面
2023,_,好,整体,正面
2024,发货,很快,物流,正面
2024,好评,快,物流,正面
2025,_,好,整体,正面
2025,_,挺好,整体,正面
2026,效果,不错,整体,正面
2026,清洗,很不错,整体,正面
2027,妆感,_,使用体验,正面
2028,洁面,一般,整体,中性
2028,_,一般般,整体,中性
2029,补水,还可以,整体,正面
2029,水,好,整体,正面
2030,_,喜欢,整体,正面
2031,补水,补水,功效,正面
2031,水,特别补水,功效,正面
2032,赠品,好,整体,正面
2032,肤色,很多,成分,正面
2033,_,好用,整体,正面
2033,_,好,整体,正面
2034,卸妆,不错,整体,正面
2034,水,很好,整体,正面
2035,活动,好用,整体,正面
2035,_,好,整体,正面
2036,_,垃圾,整体,负面
2036,_,差评,整体,负面
2037,价格,好用,整体,正面
2037,快递,快,物流,正面
2038,_,不错,整体,正面
2038,_,很不错,整体,正面
2039,_,不错,整体,正面
2039,_,好用,整体,正面
2040,味道,不错,整体,正面
2040,味,很不错,整体,正面
2041,效果,轻薄,使用体验,正面
2041,质地,均匀,功效,正面
2042,_,是正品,真伪,正面
2042,_,正品,真伪,正面
2043,物流,不错,整体,正面
2043,产品,很快,物流,正面
2044,_,很给力,物流,正面
2044,_,给力,物流,正面
2045,价钱,挺好的,整体,正面
2045,价,好,整体,正面
2046,味,_,气味,正面
2047,_,不错,整体,正面
2047,_,还不错,整体,正面
2048,精华,好用,整体,正面
2048,_,快,物流,正面
2049,香味,很喜欢,整体,正面
2049,味,喜欢,整体,正面
2050,包装,还可以,整体,正面
2050,大小,还行,整体,正面
2051,白的,不错,整体,正面
2051,_,好,整体,正面
2052,_,好用,整体,正面
2052,_,好,整体,正面
2053,气味,正品,真伪,正面
2053,质地,没有,包装,负面
2054,_,起皮,使用体验,负面
2054,_,重,气味,负面
2055,气味,不错,整体,正面
2055,上妆,挺好的,整体,正面
2056,优惠力度,优惠,价格,正面
2056,防晒,没有,包装,负面
2057,_,好用,整体,正面
2057,_,好,整体,正面
2058,价格,快,物流,正面
2058,送货,实惠,价格,正面
2059,快递,不错,整体,正面
2059,服务,快,物流,正面
2060,_,好,整体,正面
2060,_,很清爽,使用体验,正面
2061,味道,很满意,整体,正面
2061,赠品,很多,成分,正面
2062,味道,_,气味,正面
2062,味,_,气味,正面
2063,_,挺好的,整体,正面
2063,_,好,整体,正面
2064,价格,好,整体,正面
2064,价,没有,包装,负面
2065,物流,快,物流,正面
2065,包装,好,整体,正面
2066,补水效果,好用,整体,正面
2066,补水,好,整体,正面
2067,效果,很好,整体,正面
2067,卸妆,好,整体,正面
2068,味道,是正品,真伪,正面
2068,量,正品,真伪,正面
2069,气味,好用,整体,正面
2069,味,好,整体,正面
2070,_,好用,整体,正面
2070,_,好,整体,正面
2071,_,过敏,使用体验,负面
2071,_,重,气味,负面
2072,物流,快,物流,正面
2072,_,是正品,真伪,正面
2073,补水效果,很好,整体,正面
2073,补水,好,整体,正面
2074,香味,好,整体,正面
2074,量,很服帖,使用体验,正面
2075,包装,好用,整体,正面
2075,袋子,好,整体,正面
2076,效果,不错,整体,正面
2076,遮瑕效果,很服帖,使用体验,正面
2077,_,不错,整体,正面
2077,_,很喜欢,整体,正面
2078,价格,还可以,整体,正面
2078,质量,可以,整体,正面
2079,质量,不错,整体,正面
2079,量,还可以,整体,正面
2080,快递,不错,整体,正面
2080,效果,很好,整体,正面
2081,_,挺好的,整体,正面
2081,_,好,整体,正面
2082,味道,不错,整体,正面
2082,味,很好,整体,正面
2083,水,很划算,价格,正面
2083,_,很服帖,使用体验,正面
2084,吸收,很好,整体,正面
2084,盖子,还可以,整体,正面
2085,_,好,整体,正面
2085,_,蛮好的,整体,正面
2086,质量,好评,整体,正面
2086,量,好,整体,正面
2087,服务,很好,整体,正面
2087,客服,好,整体,正面
2088,_,快,物流,正面
2088,_,好,整体,正面
2089,_,不错,整体,正面
2089,_,还不错,整体,正面
2090,价格,不错,整体,正面
2090,价,很喜欢,整体,正面
2091,价格,实惠,价格,正面
2091,价,方便,使用体验,正面
2092,_,好用,整体,正面
2092,_,好,整体,正面
2093,快递,挺好的,整体,正面
2093,_,快,物流,正面
2094,_,很好,整体,正面
2094,_,很好用,整体,正面
2095,_,很好,整体,正面
2095,_,很好用,整体,正面
2096,_,好用,整体,正面
2096,_,好,整体,正面
2097,_,挺好的,整体,正面
2097,_,好,整体,正面
2098,包装,喜欢,整体,正面
2098,补水,补水,功效,正面
2099,_,喜欢,整体,正面
2099,_,一如既往的喜欢,整体,正面
2100,物流,很快,物流,正面
2100,_,快,物流,正面
2101,隔离,不错,整体,正面
2101,_,很喜欢,整体,正面
2102,乳液,很划算,价格,正面
2102,_,可以,整体,正面
2103,气味,是正品,真伪,正面
2103,味,正品,真伪,正面
2104,包装,物美价廉,价格,正面
2104,价,精美,包装,正面
2105,物流,很快,物流,正面
2105,价格,很喜欢,整体,正面
2106,_,很棒,整体,正面
2106,_,棒,物流,正面
2107,快递,很好,整体,正面
2107,_,很好用,整体,正面
2108,遮瑕,不错,整体,正面
2108,_,还不错,整体,正面
2109,活动,很好,整体,正面
2109,质量,好,整体,正面
2110,_,_,_,_
2111,设计,不错,整体,正面
2111,盖子,好,整体,正面
2112,快递,很快,物流,正面
2112,速度,快,物流,正面
2113,价格,便宜,价格,正面
2113,效果,较便宜,价格,正面
2114,补水,补水,功效,正面
2114,效果,没,价格,负面
2115,性价比,不错,整体,正面
2115,性价,很不错,整体,正面
2116,_,挺好的,整体,正面
2116,_,好,整体,正面
2117,_,挺好的,整体,正面
2117,_,好,整体,正面
2118,效果,没,价格,负面
2118,_,刺痛,使用体验,负面
2119,包装,好,整体,正面
2119,效果,不好,整体,负面
2120,质地,很好,整体,正面
2120,_,很好用,整体,正面
2121,补水效果,不错,整体,正面
2121,补水,很不错,整体,正面
2122,物流,快,物流,正面
2122,泡沫,好评,整体,正面
2123,保湿,好用,整体,正面
2123,护肤,好,整体,正面
2124,味道,还可以,整体,正面
2124,味,挺好的,整体,正面
2125,_,好用,整体,正面
2125,_,好,整体,正面
2126,_,不错,整体,正面
2126,_,很好,整体,正面
2127,补水效果,很好,整体,正面
2127,补水,好,整体,正面
2128,赠品,没有,包装,负面
2128,_,一样,气味,正面
2129,_,好用,整体,正面
2129,_,好,整体,正面
2130,价格,不错,整体,正面
2130,卸妆,可以,整体,正面
2131,清洁,清洁,功效,正面
2131,清洁度,舒服,使用体验,正面
2132,质量,好,整体,正面
2132,量,非常好,整体,正面
2133,补水,很好,整体,正面
2133,水,好,整体,正面
2134,补水效果,不错,整体,正面
2134,补水,很多,成分,正面
2135,服务,很好,整体,正面
2135,服务态度,很好用,整体,正面
2136,包装,很好,整体,正面
2136,_,很好用,整体,正面
2137,活动,不错,整体,正面
2137,补水效果,划算,价格,正面
2138,物流,很快,物流,正面
2138,_,快,物流,正面
2139,物流,很喜欢,整体,正面
2139,香味,快,物流,正面
2140,_,喜欢,整体,正面
2141,_,一直用,整体,正面
2142,物流,不错,整体,正面
2142,效果,很快,物流,正面
2143,价,不错,整体,正面
2143,_,还不错,整体,正面
2144,_,很好,整体,正面
2144,_,很好用,整体,正面
2145,补水效果,好,整体,正面
2145,补水,非常好,整体,正面
2146,物流,不错,整体,正面
2146,效果,还不错,整体,正面
2147,速度,不错,整体,正面
2147,_,很快,物流,正面
2148,包装,不错,整体,正面
2148,效果,_,功效,正面
2149,保湿,好,整体,正面
2149,_,非常好,整体,正面
2150,赠品,很好,整体,正面
2150,香味,好,整体,正面
2151,活动,好,整体,正面
2151,_,特别好,功效,正面
2152,包装,挺好的,整体,正面
2152,_,好,整体,正面
2153,质量,很好,整体,正面
2153,量,很好用,整体,正面
2154,补水效果,很好,整体,正面
2154,补水,很好用,整体,正面
2155,卖家,很好,整体,正面
2155,_,好,整体,正面
2156,_,贵了,价格,负面
2156,_,贵,价格,负面
2157,_,很好,整体,正面
2157,_,很好用,整体,正面
2158,包装,很好,整体,正面
2158,快递,快,物流,正面
2159,物流,很喜欢,整体,正面
2159,产品,喜欢,整体,正面
2160,补水效果,很好,整体,正面
2160,补水,好,整体,正面
2161,配送,棒棒哒,整体,正面
2161,_,棒,物流,正面
2162,_,很好,整体,正面
2162,_,快,物流,正面
2163,_,太香了,气味,负面
2163,_,香,气味,正面
2164,价钱,好,整体,正面
2164,价,非常好,整体,正面
2165,补水,补水,功效,正面
2165,水,很补水,功效,正面
2166,隔离,好用,整体,正面
2166,_,好,整体,正面
2167,味道,好,整体,正面
2167,泡沫,不好,整体,负面
2168,_,很舒服,使用体验,正面
2168,_,滑滑的,使用体验,正面
2169,_,不错,整体,正面
2169,_,实惠,价格,正面
2170,_,好,整体,正面
2170,_,滑滑的,使用体验,正面
2171,_,还可以,整体,正面
2171,_,可以,整体,正面
2172,快递,好用,整体,正面
2172,_,快,物流,正面
2173,_,快,物流,正面
2173,_,没,价格,负面
2174,价格,没,价格,负面
2174,价,差,整体,负面
2175,味道,还可以,整体,正面
2175,味,可以,整体,正面
2176,_,不错,整体,正面
2176,_,没,价格,负面
2177,_,一般,整体,中性
2177,_,不干,使用体验,正面
2178,味道,好用,整体,正面
2178,味,好,整体,正面
2179,颜色,好,整体,正面
2179,粉扑,很自然,功效,正面
2180,颜色,还行,整体,正面
2180,瓶子,还行吧,整体,正面
2181,气味,很好,整体,正面
2181,质地,好,整体,正面
2182,_,很好,整体,正面
2182,_,很好用,整体,正面
2183,好评,很好,整体,正面
2183,_,很好用,整体,正面
2184,卖家,便宜,价格,正面
2184,_,挺便宜,价格,正面
2185,物流,快,物流,正面
2185,效果,好,整体,正面
2186,包装,还可以,整体,正面
2186,_,可以,整体,正面
2187,_,挺好的,整体,正面
2187,_,好,整体,正面
2188,_,还可以,整体,正面
2188,_,可以,整体,正面
2189,物流,快,物流,正面
2189,产品,是正品,真伪,正面
2190,包装,还行,整体,正面
2190,包装盒,没有,包装,负面
2191,快递,快,物流,正面
2191,送货,没,价格,负面
2192,香味,很喜欢,整体,正面
2192,隔离,喜欢,整体,正面
2193,活动,划算,价格,正面
2193,_,太慢,服务,负面
2194,发货,很快,物流,正面
2194,_,快,物流,正面
2195,性价比,很好,整体,正面
2195,隔离,很好用,整体,正面
2196,物流,快,物流,正面
2196,包装,好,整体,正面
2197,_,适合,整体,正面
2198,_,好,整体,正面
2198,_,没有,包装,负面
2199,味道,好,整体,正面
2199,味,好闻,气味,正面
2200,_,好用,整体,正面
2200,_,好,整体,正面
2201,包装,快,物流,正面
2201,发货,好,整体,正面
2202,_,很划算,价格,正面
2202,_,划算,价格,正面
2203,_,还可以,整体,正面
2203,_,可以,整体,正面
2204,_,很好,整体,正面
2204,_,好,整体,正面
2205,包装,很好,整体,正面
2205,质量,好,整体,正面
2206,_,大,价格,正面
2206,_,正,其他,正面
2207,味道,还行,整体,正面
2207,泡沫,细腻,使用体验,正面
2208,补水,不错,整体,正面
2208,水,还可以,整体,正面
2209,_,不错,整体,正面
2209,_,好,整体,正面
2210,_,非常棒,整体,正面
2210,_,棒,物流,正面
2211,活动,便宜,价格,正面
2211,性价比,很便宜,价格,正面
2212,价格,实惠,价格,正面
2212,价,还行,整体,正面
2213,_,不错,整体,正面
2213,_,很自然,功效,正面
2214,_,喜欢,整体,正面
2214,_,超级喜欢,整体,正面
2215,_,便宜,价格,正面
2215,_,高,价格,正面
2216,补水效果,不错,整体,正面
2216,补水,补水,功效,正面
2217,物流,不错,整体,正面
2217,_,还不错,整体,正面
2218,包装,好用,整体,正面
2218,效果,好,整体,正面
2219,赠品,不错,整体,正面
2219,_,挺好的,整体,正面
2220,卖家,很好,整体,正面
2220,_,好,整体,正面
2221,_,不错,整体,正面
2221,_,好,整体,正面
2222,护肤,好用,整体,正面
2222,_,好,整体,正面
2223,客服,耐心,服务,正面
2223,_,到期,新鲜度,负面
2224,补水效果,很好,整体,正面
2224,补水,好,整体,正面
2225,卸妆,好,整体,正面
2225,水,自然,功效,正面
2226,_,好,整体,正面
2226,_,挺好,整体,正面
2227,效果,还可以,整体,正面
2227,清洁效果,可以,整体,正面
2228,价格,一般,整体,中性
2228,质量,_,其他,正面
2229,到货,好评,整体,正面
2229,好评,好,整体,正面
2230,效果,不错,整体,正面
2230,好评,好评,整体,正面
2231,效果,挺好的,整体,正面
2231,价,好,整体,正面
2232,包装,很好,整体,正面
2232,效果,好用,整体,正面
2233,活动,不错,整体,正面
2233,活动价,划算,价格,正面
2234,_,细腻,使用体验,正面
2234,_,很细腻,使用体验,正面
2235,物流,很好,整体,正面
2235,_,很好用,整体,正面
2236,白的,显白,功效,正面
2236,推开,容易推开,使用体验,正面
2237,肤色,不错,整体,正面
2237,推开,很不错,整体,正面
